"","POLINTR","STFLIFE","FREEHMS","IMUECLT","HAPPY","INPRDSC","ALCWKND","WRHPP","FLTSD","AGEA","CHLDHM","WKHTOT","happ","stflif","polint","imuecl"
"1",2,5,2,1,6,6,68,3,1,43,1,33,0,0,1,0
"2",1,5,1,5,5,4,35,2,2,46,1,25,0,0,1,0
"3",3,9,1,2,10,3,74,4,1,37,2,35,1,1,0,0
"4",3,7,1,3,7,5,142,3,2,20,2,38,0,1,0,0
"5",1,4,3,5,7,4,0,1,2,74,2,42,0,0,1,0
"6",1,10,1,10,8,2,156,3,1,39,1,50,1,1,1,1
"7",3,9,2,5,8,1,25,3,1,82,2,38,1,1,0,0
"8",3,9,1,5,9,4,12,3,1,15,2,0,1,1,0,0
"9",2,8,1,6,8,6,66,2,2,42,1,43,1,1,1,1
"10",3,6,2,5,8,3,0,4,1,26,2,2,1,0,0,0
"11",3,5,2,3,7,1,56,3,2,64,2,40,0,0,0,0
"12",2,10,4,5,10,4,17,4,1,43,1,20,1,1,1,0
"13",2,5,1,4,7,1,30,4,2,87,2,0,0,0,1,0
"14",2,8,2,8,9,2,74,3,1,59,2,30,1,1,1,1
"15",3,9,1,7,10,3,50,3,1,21,2,10,1,1,0,1
"16",3,8,1,5,7,1,0,2,1,62,1,45,0,1,0,0
"17",2,10,1,7,10,4,52,3,2,24,2,8,1,1,1,1
"18",2,8,1,0,8,3,0,3,1,52,1,33,1,1,1,0
"19",2,10,2,5,10,3,0,3,1,63,2,15,1,1,1,0
"20",4,10,1,4,10,4,322,4,2,21,2,38,1,1,0,0
"21",2,6,2,3,8,3,90,3,1,36,1,48,1,0,1,0
"22",3,8,1,6,8,4,188,2,1,43,2,38,1,1,0,1
"23",2,8,1,8,7,3,0,2,2,18,2,24,0,1,1,1
"24",4,9,3,5,7,0,12,4,1,85,2,24,0,1,0,0
"25",3,7,1,7,7,2,37,2,3,44,1,42,0,1,0,1
"26",2,8,2,2,8,1,42,3,1,62,2,40,1,1,1,0
"27",1,4,3,5,5,4,38,2,2,54,1,38,0,0,1,0
"28",2,8,1,8,10,5,100,3,1,26,2,50,1,1,1,1
"29",3,8,2,7,8,4,185,3,2,26,2,0,1,1,0,1
"30",3,9,1,8,8,2,74,4,2,33,1,42,1,1,0,1
"31",1,8,1,8,8,5,25,3,1,58,2,43,1,1,1,1
"32",3,7,1,6,7,4,144,3,2,22,2,40,0,1,0,1
"33",2,9,1,1,9,1,72,4,2,58,2,0,1,1,1,0
"34",3,9,2,4,7,1,0,3,1,73,2,24,0,1,0,0
"35",2,8,2,7,9,4,74,4,2,58,2,40,1,1,1,1
"36",2,9,3,2,9,4,47,3,2,73,2,42,1,1,1,0
"37",3,8,2,4,8,2,38,3,1,30,2,55,1,1,0,0
"38",3,7,2,7,7,5,91,3,2,23,2,32,0,1,0,1
"39",2,8,2,9,8,3,19,3,1,56,2,45,1,1,1,1
"40",2,6,1,7,7,2,17,3,1,31,1,20,0,0,1,1
"41",3,7,1,9,7,5,37,1,2,25,2,38,0,1,0,1
"42",2,9,1,6,7,5,54,3,2,18,2,30,0,1,1,1
"43",2,8,2,4,8,3,93,3,1,60,1,38,1,1,1,0
"44",3,9,2,3,9,4,117,3,1,23,2,40,1,1,0,0
"45",3,9,2,7,9,3,65,4,1,60,2,40,1,1,0,1
"46",2,9,1,8,9,4,94,4,1,37,1,48,1,1,1,1
"47",3,5,1,4,5,3,87,2,1,19,2,40,0,0,0,0
"48",3,5,2,5,5,3,87,3,1,20,2,38,0,0,0,0
"49",2,2,2,1,10,1,25,4,1,81,2,40,1,0,1,0
"50",3,9,2,8,9,1,19,3,1,74,2,38,1,1,0,1
"51",2,10,1,10,10,2,35,3,1,33,1,60,1,1,1,1
"52",4,9,2,5,9,3,19,3,1,39,1,38,1,1,0,0
"53",2,7,1,8,7,4,35,3,2,62,2,42,0,1,1,1
"54",3,8,1,4,9,4,74,3,1,22,2,11,1,1,0,0
"55",2,8,3,6,8,2,25,3,1,54,2,38,1,1,1,1
"56",3,10,1,7,10,4,31,4,1,64,2,22,1,1,0,1
"57",2,9,2,5,8,2,0,3,1,69,2,40,1,1,1,0
"58",3,9,1,7,8,4,46,3,1,50,1,40,1,1,0,1
"59",2,8,2,7,9,3,86,3,1,45,2,38,1,1,1,1
"60",3,5,1,9,4,2,25,2,2,38,2,40,0,0,0,1
"61",2,10,1,5,9,3,46,3,1,70,2,34,1,1,1,0
"62",2,8,2,6,8,1,99,2,1,52,1,45,1,1,1,1
"63",3,9,1,8,10,3,47,4,1,39,1,38,1,1,0,1
"64",3,10,1,6,8,3,12,3,1,69,2,38,1,1,0,1
"65",3,8,1,5,9,4,35,3,1,15,2,9,1,1,0,0
"66",3,7,2,4,8,2,132,3,2,53,1,38,1,1,0,0
"67",3,10,2,6,9,2,30,4,1,47,2,20,1,1,0,1
"68",3,8,5,7,8,6,213,2,2,21,2,56,1,1,0,1
"69",3,7,2,4,7,4,81,3,1,48,2,38,0,1,0,0
"70",3,7,2,2,7,2,75,3,1,40,1,50,0,1,0,0
"71",3,7,4,8,5,1,0,2,2,30,1,38,0,1,0,1
"72",3,7,2,4,7,3,0,2,1,27,1,38,0,1,0,0
"73",3,8,2,3,8,2,145,2,1,33,2,38,1,1,0,0
"74",2,7,2,7,8,2,0,2,2,81,2,40,1,1,1,1
"75",3,7,2,7,6,4,17,3,1,55,2,40,0,1,0,1
"76",3,9,2,5,9,2,46,3,1,62,2,39,1,1,0,0
"77",3,9,2,2,7,1,172,2,2,43,2,45,0,1,0,0
"78",2,3,2,7,5,2,23,4,2,68,2,19,0,0,1,1
"79",3,5,1,7,5,5,17,3,2,20,2,40,0,0,0,1
"80",3,9,2,3,8,2,12,3,2,41,1,40,1,1,0,0
"81",3,10,2,3,10,2,12,4,1,56,2,40,1,1,0,0
"82",3,10,3,7,7,4,58,3,2,38,1,40,0,1,0,1
"83",2,7,3,6,5,1,37,3,2,38,2,38,0,1,1,1
"84",2,9,3,5,9,1,24,3,1,85,2,70,1,1,1,0
"85",2,10,3,5,8,3,0,4,1,83,2,38,1,1,1,0
"86",2,10,2,7,9,4,30,3,1,49,1,38,1,1,1,1
"87",4,7,2,5,6,4,22,2,2,38,1,40,0,1,0,0
"88",3,10,2,8,10,1,0,4,1,74,2,36,1,1,0,1
"89",2,9,2,3,9,3,0,3,1,37,1,50,1,1,1,0
"90",2,8,1,1,8,1,94,3,1,67,2,38,1,1,1,0
"91",3,9,1,7,10,2,37,3,1,17,2,0,1,1,0,1
"92",2,8,2,8,9,2,12,4,1,31,1,30,1,1,1,1
"93",2,9,2,4,9,3,35,4,1,51,2,48,1,1,1,0
"94",3,8,1,10,8,1,49,3,1,50,1,38,1,1,0,1
"95",2,8,1,8,8,3,0,3,1,58,2,45,1,1,1,1
"96",4,8,1,7,8,2,0,3,1,20,2,20,1,1,0,1
"97",3,6,1,5,8,1,0,3,1,64,2,38,1,0,0,0
"98",3,7,1,7,7,2,124,2,2,17,2,9,0,1,0,1
"99",3,7,1,7,8,3,37,3,1,25,2,38,1,1,0,1
"100",2,5,2,8,8,1,35,3,2,60,2,50,1,0,1,1
"101",3,8,2,10,7,3,17,3,1,33,1,38,0,1,0,1
"102",1,7,1,8,6,4,17,2,1,75,2,40,0,1,1,1
"103",2,8,1,2,8,2,96,4,1,71,2,40,1,1,1,0
"104",3,7,1,8,8,1,0,3,1,66,2,38,1,1,0,1
"105",3,9,1,6,10,3,127,3,1,25,2,45,1,1,0,1
"106",4,8,1,8,8,3,62,3,1,18,2,20,1,1,0,1
"107",3,8,1,6,8,1,126,3,1,47,2,40,1,1,0,1
"108",4,7,2,6,6,2,0,3,1,74,2,38,0,1,0,1
"109",2,8,1,6,8,4,155,3,1,55,2,40,1,1,1,1
"110",2,8,1,8,8,3,215,3,1,33,2,40,1,1,1,1
"111",3,8,1,6,6,4,60,3,1,24,2,5,0,1,0,1
"112",3,10,3,8,10,3,72,3,1,79,2,40,1,1,0,1
"113",3,8,3,9,7,1,0,3,1,33,2,45,0,1,0,1
"114",3,6,3,5,8,2,117,3,1,54,1,50,1,0,0,0
"115",2,10,1,8,10,3,141,4,1,42,2,40,1,1,1,1
"116",3,9,1,9,8,4,0,3,1,24,2,45,1,1,0,1
"117",3,9,1,6,9,2,0,3,1,65,2,38,1,1,0,1
"118",3,8,1,6,8,1,109,3,1,50,2,50,1,1,0,1
"119",4,2,5,NA,2,0,0,2,2,77,2,38,0,0,0,0
"120",4,3,4,6,3,1,0,3,2,91,2,38,0,0,0,1
"121",4,9,2,7,8,2,0,3,1,21,2,50,1,1,0,1
"122",3,7,1,6,6,2,37,3,1,47,1,40,0,1,0,1
"123",2,7,1,6,9,4,0,3,2,66,2,0,1,1,1,1
"124",2,10,1,10,9,6,12,4,2,33,1,15,1,1,1,1
"125",3,7,1,5,7,3,87,2,1,46,1,40,0,1,0,0
"126",3,7,2,6,7,3,52,3,1,58,2,30,0,1,0,1
"127",3,9,1,NA,10,2,0,4,1,15,2,0,1,1,0,0
"128",2,8,2,7,8,4,54,4,1,51,2,50,1,1,1,1
"129",3,6,1,6,8,1,0,3,1,67,2,38,1,0,0,1
"130",2,9,1,9,9,4,48,3,2,46,1,45,1,1,1,1
"131",3,10,1,3,10,4,208,4,1,25,2,65,1,1,0,0
"132",1,8,1,8,9,1,0,4,2,37,2,38,1,1,1,1
"133",3,10,2,9,10,4,12,3,2,42,1,20,1,1,0,1
"134",2,9,2,4,7,5,86,3,1,17,2,11,0,1,1,0
"135",2,8,1,9,8,4,0,3,1,16,2,0,1,1,1,1
"136",3,5,1,5,4,6,377,2,2,25,2,10,0,0,0,0
"137",2,8,1,7,8,3,167,3,1,39,1,40,1,1,1,1
"138",2,8,1,7,8,4,19,3,1,43,1,38,1,1,1,1
"139",3,5,3,3,4,4,75,2,1,59,2,40,0,0,0,0
"140",3,9,1,7,10,4,0,4,1,49,1,45,1,1,0,1
"141",2,6,2,6,8,2,31,3,2,86,2,38,1,0,1,1
"142",3,10,1,9,10,4,0,4,1,22,2,34,1,1,0,1
"143",3,10,1,8,10,3,49,4,1,64,2,35,1,1,0,1
"144",3,7,1,7,7,2,0,3,1,30,2,38,0,1,0,1
"145",2,6,2,1,7,5,10,3,1,20,2,0,0,0,1,0
"146",2,10,2,5,9,1,115,3,1,82,2,6,1,1,1,0
"147",2,10,2,7,10,4,0,3,1,17,2,9,1,1,1,1
"148",2,10,1,8,10,5,36,4,1,57,1,13,1,1,1,1
"149",1,9,1,7,9,4,98,3,1,40,1,38,1,1,1,1
"150",3,10,3,7,10,4,52,1,1,68,2,50,1,1,0,1
"151",3,8,1,8,7,4,12,3,2,48,1,44,0,1,0,1
"152",2,7,3,8,7,1,30,3,1,75,2,5,0,1,1,1
"153",3,8,1,6,9,3,0,3,1,15,2,0,1,1,0,1
"154",3,10,1,7,10,4,136,4,1,22,2,50,1,1,0,1
"155",3,9,2,1,10,6,25,3,1,42,1,38,1,1,0,0
"156",2,8,1,7,9,4,35,3,1,30,1,45,1,1,1,1
"157",2,10,1,8,10,5,118,4,1,37,1,45,1,1,1,1
"158",3,4,2,4,6,3,0,3,2,50,2,16,0,0,0,0
"159",2,9,1,7,9,2,38,4,1,34,1,50,1,1,1,1
"160",2,8,2,7,7,3,208,3,1,44,1,38,0,1,1,1
"161",2,9,1,8,9,3,35,3,1,46,1,40,1,1,1,1
"162",1,7,1,8,8,4,19,2,2,48,2,60,1,1,1,1
"163",3,8,2,4,10,3,17,4,1,87,2,48,1,1,0,0
"164",2,9,1,7,9,5,37,3,1,53,1,42,1,1,1,1
"165",2,8,1,10,10,3,168,3,1,43,1,43,1,1,1,1
"166",2,9,2,8,9,4,19,2,2,33,1,41,1,1,1,1
"167",2,8,1,8,9,3,74,3,2,58,1,30,1,1,1,1
"168",2,8,1,3,8,4,12,3,2,23,2,38,1,1,1,0
"169",2,8,2,5,7,3,17,3,1,66,2,45,0,1,1,0
"170",2,7,1,9,7,3,35,3,1,65,2,45,0,1,1,1
"171",3,6,2,4,6,5,46,3,2,51,1,70,0,0,0,0
"172",2,9,1,8,9,6,47,2,1,51,1,38,1,1,1,1
"173",2,8,1,7,8,1,35,3,1,60,2,43,1,1,1,1
"174",1,10,1,6,10,5,24,4,1,66,2,35,1,1,1,1
"175",3,9,1,5,9,6,74,3,1,19,2,32,1,1,0,0
"176",2,8,1,8,8,3,36,3,1,57,2,45,1,1,1,1
"177",1,9,1,8,9,4,37,4,1,58,2,55,1,1,1,1
"178",2,9,1,9,9,1,76,4,1,68,2,44,1,1,1,1
"179",3,8,1,8,8,4,149,3,1,28,2,43,1,1,0,1
"180",3,8,2,8,8,3,139,3,1,67,2,55,1,1,0,1
"181",1,8,1,5,8,2,36,3,1,48,1,40,1,1,1,0
"182",2,8,1,5,9,4,17,3,2,68,2,45,1,1,1,0
"183",4,9,1,9,8,4,0,3,2,15,2,2,1,1,0,1
"184",3,8,2,4,9,3,19,3,1,56,1,43,1,1,0,0
"185",1,8,2,5,9,3,35,2,1,71,2,20,1,1,1,0
"186",2,7,1,8,7,4,97,3,1,42,1,42,0,1,1,1
"187",2,5,2,7,5,2,12,2,3,69,1,50,0,0,1,1
"188",2,9,4,7,9,3,0,3,2,39,2,35,1,1,1,1
"189",2,10,1,9,10,3,19,4,1,63,2,40,1,1,1,1
"190",2,8,1,7,8,4,74,3,1,55,1,50,1,1,1,1
"191",4,6,5,9,8,3,17,3,1,33,2,38,1,0,0,1
"192",2,8,1,5,8,1,107,3,1,32,2,45,1,1,1,0
"193",2,8,1,7,8,4,35,2,2,42,1,43,1,1,1,1
"194",2,7,1,10,8,4,104,3,2,49,1,50,1,1,1,1
"195",1,9,2,3,9,1,52,4,1,53,1,50,1,1,1,0
"196",2,10,2,2,10,4,12,3,2,86,2,20,1,1,1,0
"197",2,8,1,7,8,5,12,3,1,35,1,38,1,1,1,1
"198",4,8,5,NA,9,6,0,3,1,24,2,40,1,1,0,0
"199",3,7,1,6,9,3,38,3,1,16,2,2,1,1,0,1
"200",2,7,1,9,8,3,17,3,1,50,1,42,1,1,1,1
"201",1,10,1,10,10,3,17,4,1,54,2,40,1,1,1,1
"202",3,7,2,5,6,4,0,1,2,60,2,10,0,1,0,0
"203",2,8,1,7,8,2,0,4,1,23,2,0,1,1,1,1
"204",4,9,3,3,9,2,0,4,1,22,1,38,1,1,0,0
"205",3,10,2,6,9,4,17,4,1,71,2,38,1,1,0,1
"206",2,4,1,7,8,4,136,3,1,39,1,50,1,0,1,1
"207",1,10,2,9,9,6,25,2,1,63,2,50,1,1,1,1
"208",2,8,1,7,8,1,86,1,2,38,1,45,1,1,1,1
"209",3,7,1,7,6,3,54,2,1,48,1,38,0,1,0,1
"210",2,9,1,3,9,5,74,3,2,55,1,35,1,1,1,0
"211",2,7,2,3,7,1,132,2,1,65,2,40,0,1,1,0
"212",3,10,2,7,9,4,12,4,1,55,2,38,1,1,0,1
"213",3,9,1,6,8,0,24,3,2,80,2,38,1,1,0,1
"214",3,4,5,5,5,1,93,1,4,29,1,10,0,0,0,0
"215",3,6,1,8,8,3,54,2,1,66,2,43,1,0,0,1
"216",2,8,1,4,7,4,25,3,1,54,1,8,0,1,1,0
"217",2,8,2,7,8,3,35,3,1,66,2,29,1,1,1,1
"218",3,8,1,5,8,0,0,3,1,20,2,40,1,1,0,0
"219",3,10,1,7,10,2,17,3,1,61,1,39,1,1,0,1
"220",2,10,1,8,10,1,47,3,2,57,1,40,1,1,1,1
"221",3,6,3,6,6,1,60,3,2,74,2,38,0,0,0,1
"222",2,8,2,8,8,2,80,3,1,32,2,42,1,1,1,1
"223",3,8,3,2,8,2,35,3,2,34,1,38,1,1,0,0
"224",4,7,1,2,8,1,188,4,2,26,2,40,1,1,0,0
"225",2,5,2,7,5,3,17,4,1,76,2,38,0,0,1,1
"226",3,10,1,10,10,4,30,4,1,73,2,34,1,1,0,1
"227",3,5,1,4,7,6,25,4,1,44,1,38,0,0,0,0
"228",3,7,2,7,8,4,0,3,1,20,2,8,1,1,0,1
"229",2,8,1,7,8,4,17,3,1,42,1,38,1,1,1,1
"230",3,8,1,8,8,5,74,3,1,38,2,40,1,1,0,1
"231",2,7,1,7,7,2,52,2,2,37,2,50,0,1,1,1
"232",3,8,2,5,8,3,17,3,1,38,2,40,1,1,0,0
"233",2,7,2,5,9,4,17,3,1,46,1,40,1,1,1,0
"234",3,5,2,7,7,3,25,4,1,47,1,36,0,0,0,1
"235",4,10,1,0,10,2,116,4,1,35,1,80,1,1,0,0
"236",2,9,1,7,9,2,94,3,1,49,1,38,1,1,1,1
"237",2,10,1,5,9,6,98,4,1,37,2,0,1,1,1,0
"238",4,10,2,0,5,4,188,2,1,23,2,10,0,1,0,0
"239",3,7,2,5,4,0,81,2,2,32,2,40,0,1,0,0
"240",4,7,2,3,10,4,36,3,2,36,1,40,1,1,0,0
"241",2,6,2,2,6,3,113,3,2,40,1,40,0,0,1,0
"242",2,8,2,5,8,2,12,4,1,76,2,40,1,1,1,0
"243",2,10,2,5,8,3,48,4,1,71,2,38,1,1,1,0
"244",3,8,1,4,8,1,46,3,1,31,1,60,1,1,0,0
"245",4,8,1,0,8,1,87,3,1,17,2,0,1,1,0,0
"246",1,7,2,7,8,5,17,3,2,31,1,35,1,1,1,1
"247",2,9,2,8,8,3,25,3,1,33,1,42,1,1,1,1
"248",1,4,2,10,4,6,94,2,1,37,1,42,0,0,1,1
"249",4,8,3,1,9,0,188,4,1,22,2,50,1,1,0,0
"250",2,8,2,2,7,1,87,2,2,39,2,40,0,1,1,0
"251",3,9,1,9,8,3,182,3,1,49,1,60,1,1,0,1
"252",3,7,2,3,8,3,105,3,1,57,2,43,1,1,0,0
"253",3,7,1,6,7,3,0,3,2,21,2,6,0,1,0,1
"254",2,7,2,3,8,3,70,3,1,33,2,42,1,1,1,0
"255",2,3,1,9,5,2,12,2,2,44,1,48,0,0,1,1
"256",3,8,2,3,6,2,98,2,1,18,2,39,0,1,0,0
"257",2,9,1,5,8,1,12,4,1,75,2,50,1,1,1,0
"258",2,0,3,5,5,2,35,2,2,34,2,66,0,0,1,0
"259",2,5,1,10,7,5,0,3,2,57,2,45,0,0,1,1
"260",3,10,1,10,8,4,150,2,2,52,2,30,1,1,0,1
"261",3,8,1,7,8,4,119,3,1,25,2,45,1,1,0,1
"262",3,8,1,4,9,1,12,3,1,62,2,40,1,1,0,0
"263",2,9,2,4,9,4,124,4,1,37,1,44,1,1,1,0
"264",3,9,2,4,9,5,12,3,1,51,1,27,1,1,0,0
"265",2,9,1,5,9,4,25,3,1,77,2,48,1,1,1,0
"266",2,8,2,5,6,0,38,2,2,59,2,41,0,1,1,0
"267",3,10,3,5,10,2,25,3,1,70,2,20,1,1,0,0
"268",4,7,5,5,7,3,19,2,2,32,1,45,0,1,0,0
"269",2,8,2,8,7,3,99,2,1,58,1,40,0,1,1,1
"270",3,5,1,7,5,4,25,2,4,39,1,40,0,0,0,1
"271",2,10,1,5,9,4,71,4,1,50,1,22,1,1,1,0
"272",3,9,1,5,9,4,19,3,1,19,2,10,1,1,0,0
"273",3,10,2,4,10,3,19,4,1,18,2,15,1,1,0,0
"274",2,8,1,7,8,1,30,3,2,71,2,36,1,1,1,1
"275",3,8,1,10,9,2,48,3,1,39,2,21,1,1,0,1
"276",2,8,1,8,9,3,98,4,1,34,2,40,1,1,1,1
"277",2,7,1,5,5,3,23,2,1,43,1,42,0,1,1,0
"278",3,8,1,5,7,3,12,3,2,17,2,4,0,1,0,0
"279",3,10,2,8,8,1,23,3,1,69,2,50,1,1,0,1
"280",1,8,2,7,8,1,35,2,1,65,2,50,1,1,1,1
"281",3,9,1,3,9,2,80,3,1,23,2,45,1,1,0,0
"282",3,8,1,6,7,2,72,3,1,24,2,15,0,1,0,1
"283",2,8,1,9,9,6,75,3,1,34,2,45,1,1,1,1
"284",3,8,1,2,9,3,35,3,1,22,2,38,1,1,0,0
"285",2,8,1,10,9,4,36,3,2,29,2,15,1,1,1,1
"286",4,9,1,10,9,6,25,4,1,60,1,40,1,1,0,1
"287",1,7,4,9,5,6,25,2,2,60,2,39,0,1,1,1
"288",1,3,1,6,4,5,25,3,1,41,2,60,0,0,1,1
"289",1,6,1,5,7,4,75,3,2,28,2,40,0,0,1,0
"290",2,7,1,4,7,2,350,2,1,32,2,45,0,1,1,0
"291",2,9,1,7,9,3,74,4,1,28,2,38,1,1,1,1
"292",3,10,1,3,10,2,58,4,1,46,2,60,1,1,0,0
"293",1,10,1,7,9,6,74,4,1,48,2,38,1,1,1,1
"294",2,9,1,7,9,3,17,3,1,34,2,40,1,1,1,1
"295",1,7,1,9,8,3,100,3,1,58,2,45,1,1,1,1
"296",3,8,2,8,8,4,12,4,1,66,2,47,1,1,0,1
"297",3,10,2,8,10,6,25,3,1,69,2,20,1,1,0,1
"298",2,8,1,7,7,4,62,4,2,20,2,8,0,1,1,1
"299",2,10,1,10,8,4,75,3,1,43,2,30,1,1,1,1
"300",2,3,1,10,10,4,12,4,1,81,2,60,1,0,1,1
"301",2,7,1,5,7,4,12,3,1,35,1,45,0,1,1,0
"302",3,9,1,6,8,4,12,4,1,72,2,45,1,1,0,1
"303",1,9,1,10,8,3,19,4,1,47,2,38,1,1,1,1
"304",2,7,1,6,7,4,12,3,1,39,2,40,0,1,1,1
"305",3,8,1,6,7,2,0,2,1,17,2,40,0,1,0,1
"306",3,6,2,5,6,3,113,3,1,56,1,38,0,0,0,0
"307",2,8,2,5,8,2,50,4,1,34,1,40,1,1,1,0
"308",2,9,1,3,3,1,23,4,1,49,1,72,0,1,1,0
"309",2,8,1,9,8,4,35,3,1,39,1,40,1,1,1,1
"310",2,9,1,7,9,2,12,3,1,63,1,33,1,1,1,1
"311",2,9,1,7,9,5,50,4,1,36,1,33,1,1,1,1
"312",3,9,2,5,8,4,0,2,2,68,2,40,1,1,0,0
"313",3,7,1,3,7,4,17,4,2,25,2,20,0,1,0,0
"314",2,9,2,7,7,4,52,3,1,66,2,40,0,1,1,1
"315",2,7,1,8,8,4,75,3,2,29,1,38,1,1,1,1
"316",2,8,2,9,9,3,109,4,1,39,1,38,1,1,1,1
"317",3,7,2,1,6,4,77,2,2,26,2,38,0,1,0,0
"318",2,6,1,2,7,4,52,3,2,58,2,37,0,0,1,0
"319",2,8,1,9,8,3,52,3,1,37,2,38,1,1,1,1
"320",3,10,1,2,10,6,218,4,1,39,2,48,1,1,0,0
"321",2,8,1,4,9,4,35,3,2,43,1,45,1,1,1,0
"322",3,8,1,6,9,4,99,2,1,53,2,45,1,1,0,1
"323",3,7,1,5,7,1,79,3,1,41,1,45,0,1,0,0
"324",3,10,1,6,8,2,162,3,1,27,2,40,1,1,0,1
"325",2,9,1,5,9,6,136,3,1,53,1,45,1,1,1,0
"326",2,7,1,7,8,4,35,3,1,49,1,38,1,1,1,1
"327",3,8,1,7,8,3,112,3,2,39,1,32,1,1,0,1
"328",2,9,1,9,9,6,23,1,1,31,2,50,1,1,1,1
"329",4,7,1,7,7,3,12,2,1,26,2,45,0,1,0,1
"330",3,10,2,5,10,4,183,3,1,28,1,39,1,1,0,0
"331",3,10,1,8,10,2,35,4,1,48,2,45,1,1,0,1
"332",2,7,2,9,8,1,35,2,2,58,2,40,1,1,1,1
"333",3,10,1,6,9,4,17,3,1,25,2,9,1,1,0,1
"334",3,8,1,7,7,4,12,2,2,29,2,38,0,1,0,1
"335",2,10,1,4,10,4,0,1,2,88,2,48,1,1,1,0
"336",1,10,4,5,7,4,0,1,2,28,1,15,0,1,1,0
"337",2,5,1,6,4,3,99,1,2,37,2,45,0,0,1,1
"338",2,9,2,NA,9,2,0,2,2,40,1,38,1,1,1,0
"339",3,7,2,6,7,1,38,3,2,26,2,41,0,1,0,1
"340",2,3,2,6,8,3,36,3,1,60,2,25,1,0,1,1
"341",1,8,1,8,7,2,0,2,2,47,1,37,0,1,1,1
"342",1,8,1,8,8,2,44,4,1,64,2,45,1,1,1,1
"343",3,9,1,7,8,5,38,4,2,67,2,48,1,1,0,1
"344",2,8,1,5,6,6,150,2,1,27,2,9,0,1,1,0
"345",3,8,2,8,8,5,12,4,1,37,2,43,1,1,0,1
"346",2,8,1,2,8,1,25,4,1,77,2,50,1,1,1,0
"347",1,6,5,6,7,3,0,4,1,67,2,50,0,0,1,1
"348",3,7,2,5,7,4,35,3,2,24,2,38,0,1,0,0
"349",1,8,3,5,8,4,50,3,1,34,2,40,1,1,1,0
"350",1,7,1,5,7,3,311,2,2,45,2,40,0,1,1,0
"351",1,9,1,10,8,5,347,4,1,31,2,25,1,1,1,1
"352",2,8,2,9,9,6,345,4,1,34,2,41,1,1,1,1
"353",3,8,1,9,7,6,93,3,2,28,2,40,0,1,0,1
"354",2,8,1,8,8,6,56,4,1,33,2,40,1,1,1,1
"355",2,9,1,5,10,4,25,3,1,30,2,50,1,1,1,0
"356",3,10,3,5,10,3,0,3,2,24,2,15,1,1,0,0
"357",2,10,1,9,10,4,138,4,1,35,2,43,1,1,1,1
"358",2,7,1,7,7,5,74,3,1,32,2,45,0,1,1,1
"359",2,7,1,5,7,3,94,2,2,42,2,27,0,1,1,0
"360",1,9,1,9,8,5,162,3,2,45,2,45,1,1,1,1
"361",2,7,1,7,10,4,129,3,2,31,2,41,1,1,1,1
"362",2,9,1,7,9,4,12,4,1,30,1,48,1,1,1,1
"363",1,5,1,5,4,3,19,3,2,43,2,45,0,0,1,0
"364",2,8,4,5,8,3,29,4,1,67,2,28,1,1,1,0
"365",1,9,1,10,9,6,17,3,1,49,1,38,1,1,1,1
"366",2,7,2,5,7,1,109,2,2,31,1,40,0,1,1,0
"367",3,8,1,9,8,3,25,3,2,46,1,43,1,1,0,1
"368",3,10,1,3,10,1,38,4,2,16,2,5,1,1,0,0
"369",3,8,1,4,7,4,50,3,2,19,2,20,0,1,0,0
"370",3,8,1,5,7,4,52,3,1,35,2,55,0,1,0,0
"371",2,8,1,8,8,2,52,3,1,41,1,25,1,1,1,1
"372",3,9,1,7,9,4,52,4,1,26,2,7,1,1,0,1
"373",1,3,2,5,3,2,136,2,2,41,1,40,0,0,1,0
"374",3,7,1,6,7,4,33,3,1,27,2,37,0,1,0,1
"375",4,8,3,5,8,2,0,3,2,33,2,39,1,1,0,0
"376",3,9,1,3,9,2,98,3,1,41,2,30,1,1,0,0
"377",1,2,2,0,6,3,12,3,2,32,1,38,0,0,1,0
"378",2,3,1,9,2,3,17,2,3,28,2,40,0,0,1,1
"379",1,9,1,5,7,4,36,2,2,37,2,43,0,1,1,0
"380",3,8,1,4,9,4,182,3,1,26,2,38,1,1,0,0
"381",3,9,1,8,8,4,74,3,2,30,2,38,1,1,0,1
"382",2,9,1,8,8,4,17,2,1,53,2,40,1,1,1,1
"383",2,9,1,5,9,3,93,4,1,20,2,5,1,1,1,0
"384",4,8,2,8,8,3,74,3,1,58,2,43,1,1,0,1
"385",3,6,1,10,7,4,272,2,2,43,2,39,0,0,0,1
"386",2,10,2,9,10,2,12,3,2,51,1,50,1,1,1,1
"387",3,9,1,6,9,3,17,3,1,33,2,45,1,1,0,1
"388",1,9,1,2,10,4,19,4,1,71,2,38,1,1,1,0
"389",2,3,2,9,4,4,38,2,2,36,1,40,0,0,1,1
"390",2,7,1,7,9,4,0,3,2,41,2,45,1,1,1,1
"391",2,10,2,8,10,4,12,4,1,46,1,38,1,1,1,1
"392",2,9,1,8,9,6,0,3,1,42,1,41,1,1,1,1
"393",2,8,1,6,8,2,17,3,1,70,2,32,1,1,1,1
"394",2,8,1,8,9,2,12,3,1,37,1,39,1,1,1,1
"395",3,8,1,8,8,6,96,3,1,25,1,40,1,1,0,1
"396",2,9,2,7,8,4,56,3,1,52,2,38,1,1,1,1
"397",1,8,1,7,7,5,35,3,2,45,1,65,0,1,1,1
"398",4,8,1,5,8,5,31,3,1,33,1,34,1,1,0,0
"399",2,7,1,6,8,3,17,3,1,44,1,45,1,1,1,1
"400",2,7,2,6,8,3,65,3,1,67,2,38,1,1,1,1
"401",3,9,1,6,10,4,17,2,1,44,1,32,1,1,0,1
"402",3,8,2,8,8,1,86,3,1,71,2,0,1,1,0,1
"403",3,10,1,4,8,4,12,3,1,60,2,38,1,1,0,0
"404",3,7,1,10,8,3,42,3,1,60,2,40,1,1,0,1
"405",2,6,2,4,7,4,148,2,2,28,2,45,0,0,1,0
"406",2,8,1,5,7,4,60,3,1,67,2,30,0,1,1,0
"407",1,10,1,10,10,6,0,4,1,49,2,45,1,1,1,1
"408",2,7,1,8,9,4,12,3,1,76,2,25,1,1,1,1
"409",2,9,1,3,10,4,17,4,1,66,2,40,1,1,1,0
"410",1,8,2,7,8,3,75,3,2,59,2,41,1,1,1,1
"411",3,9,3,5,8,3,17,3,1,58,1,38,1,1,0,0
"412",2,9,1,10,9,3,135,4,1,22,2,38,1,1,1,1
"413",3,10,2,5,9,2,24,3,1,83,2,38,1,1,0,0
"414",3,8,1,9,8,3,94,3,1,23,2,0,1,1,0,1
"415",3,10,1,3,10,4,84,2,2,27,1,40,1,1,0,0
"416",4,7,4,2,8,2,12,4,4,56,1,38,1,1,0,0
"417",3,8,1,10,7,5,74,2,1,28,2,40,0,1,0,1
"418",4,7,3,8,8,1,97,3,2,36,1,40,1,1,0,1
"419",3,5,1,6,5,2,0,1,1,45,2,38,0,0,0,1
"420",1,7,1,9,8,6,150,3,2,36,2,60,1,1,1,1
"421",1,8,5,6,8,3,0,3,1,47,1,45,1,1,1,1
"422",1,9,2,6,7,2,35,2,1,61,2,38,0,1,1,1
"423",2,8,2,7,8,2,17,2,1,67,2,38,1,1,1,1
"424",2,9,1,4,7,4,25,3,1,19,2,27,0,1,1,0
"425",3,9,1,5,10,2,0,3,1,67,2,38,1,1,0,0
"426",1,4,1,8,5,2,0,1,2,65,1,37,0,0,1,1
"427",4,2,4,10,5,6,0,2,3,39,1,35,0,0,0,1
"428",2,8,2,3,7,4,52,2,2,52,1,19,0,1,1,0
"429",2,9,2,6,9,2,12,1,1,80,2,19,1,1,1,1
"430",3,5,1,8,5,4,0,2,2,53,2,40,0,0,0,1
"431",2,8,1,5,8,3,151,3,2,44,2,25,1,1,1,0
"432",3,5,2,7,6,3,19,2,1,18,2,0,0,0,0,1
"433",2,8,2,7,9,5,35,4,1,61,2,45,1,1,1,1
"434",1,8,2,5,9,5,35,3,1,63,2,40,1,1,1,0
"435",3,7,1,5,6,3,366,2,1,19,2,36,0,1,0,0
"436",3,8,1,5,8,0,35,3,1,70,1,50,1,1,0,0
"437",3,8,2,8,7,3,0,2,1,48,1,43,0,1,0,1
"438",1,6,1,7,5,2,568,3,2,17,2,5,0,0,1,1
"439",3,9,2,8,8,2,72,3,1,70,2,39,1,1,0,1
"440",3,9,1,8,9,6,132,3,1,21,2,40,1,1,0,1
"441",2,7,1,10,10,4,74,4,1,52,1,45,1,1,1,1
"442",3,9,2,5,9,4,178,3,1,33,2,42,1,1,0,0
"443",3,8,1,7,8,3,120,3,1,44,1,38,1,1,0,1
"444",2,5,1,5,0,0,0,1,4,41,1,50,0,0,1,0
"445",3,7,2,3,5,3,0,2,2,19,2,27,0,1,0,0
"446",3,7,2,8,6,3,61,3,1,22,2,9,0,1,0,1
"447",3,10,1,5,9,3,0,4,1,56,2,38,1,1,0,0
"448",3,10,1,4,10,3,43,4,1,22,2,38,1,1,0,0
"449",1,8,1,9,9,4,78,2,2,56,2,35,1,1,1,1
"450",2,5,1,5,6,4,273,3,2,55,1,20,0,0,1,0
"451",3,7,4,8,8,2,0,2,2,61,2,38,1,1,0,1
"452",3,9,2,4,9,1,61,1,1,68,2,41,1,1,0,0
"453",2,8,1,7,8,3,17,4,1,46,1,38,1,1,1,1
"454",4,3,1,3,4,4,0,2,3,19,2,14,0,0,0,0
"455",2,8,2,5,8,4,0,3,2,44,1,38,1,1,1,0
"456",3,9,2,3,8,3,42,4,1,52,2,35,1,1,0,0
"457",3,9,1,9,8,2,257,3,1,54,1,44,1,1,0,1
"458",1,9,1,8,9,4,30,4,1,69,2,38,1,1,1,1
"459",3,9,1,7,10,4,35,4,1,29,2,38,1,1,0,1
"460",1,8,2,8,8,3,25,3,1,67,2,38,1,1,1,1
"461",1,5,5,7,8,2,19,2,3,50,1,10,1,0,1,1
"462",3,9,1,7,8,2,0,3,1,15,2,0,1,1,0,1
"463",2,8,2,7,9,1,19,3,1,41,1,38,1,1,1,1
"464",3,9,1,5,9,1,50,3,1,28,1,38,1,1,0,0
"465",2,8,3,4,10,3,107,3,2,37,1,43,1,1,1,0
"466",1,5,2,5,5,3,25,2,2,71,2,25,0,0,1,0
"467",3,9,1,7,10,1,25,3,1,55,2,30,1,1,0,1
"468",2,8,2,7,9,2,17,2,1,71,2,14,1,1,1,1
"469",2,7,1,6,8,3,10,3,1,41,1,38,1,1,1,1
"470",2,8,2,8,7,0,35,2,1,51,1,30,0,1,1,1
"471",3,8,1,5,7,2,140,2,1,71,2,84,0,1,0,0
"472",2,6,2,0,7,2,77,3,2,55,1,45,0,0,1,0
"473",2,8,3,7,8,4,75,3,1,55,2,60,1,1,1,1
"474",3,9,1,6,9,6,305,4,1,23,2,20,1,1,0,1
"475",2,9,1,10,9,4,454,2,2,64,2,30,1,1,1,1
"476",4,9,1,5,9,2,0,4,2,53,1,38,1,1,0,0
"477",2,8,2,3,8,6,0,3,1,47,1,55,1,1,1,0
"478",2,8,1,5,8,4,0,3,1,43,1,35,1,1,1,0
"479",2,8,2,7,8,4,19,3,1,41,1,40,1,1,1,1
"480",3,8,2,1,8,4,58,3,2,49,1,38,1,1,0,0
"481",4,9,2,5,8,3,78,1,1,40,1,40,1,1,0,0
"482",3,9,2,9,9,4,102,4,2,58,2,38,1,1,0,1
"483",4,3,2,4,3,1,0,2,3,23,2,38,0,0,0,0
"484",4,8,2,3,8,4,497,3,1,22,2,12,1,1,0,0
"485",4,9,2,3,8,3,0,4,1,90,2,38,1,1,0,0
"486",3,9,2,2,9,3,279,4,1,35,2,38,1,1,0,0
"487",3,10,2,2,10,4,215,4,1,48,2,42,1,1,0,0
"488",3,9,1,8,9,3,0,3,1,52,2,38,1,1,0,1
"489",2,7,2,6,6,2,42,3,1,68,2,43,0,1,1,1
"490",2,8,1,4,6,3,31,2,2,66,2,22,0,1,1,0
"491",3,7,1,4,5,4,107,3,1,23,2,5,0,1,0,0
"492",2,9,2,7,9,3,61,4,1,46,2,40,1,1,1,1
"493",3,9,1,8,9,4,105,3,1,37,2,41,1,1,0,1
"494",3,5,2,5,5,3,0,2,2,40,1,30,0,0,0,0
"495",4,9,2,0,9,3,0,3,2,17,2,0,1,1,0,0
"496",2,9,1,9,9,2,71,3,1,52,1,39,1,1,1,1
"497",4,8,2,2,8,5,38,2,1,47,1,25,1,1,0,0
"498",2,10,3,7,10,2,65,4,1,61,2,45,1,1,1,1
"499",2,4,2,6,6,4,19,3,1,78,2,45,0,0,1,1
"500",2,9,2,8,7,3,99,3,1,62,2,42,0,1,1,1
"501",3,8,4,8,10,4,30,3,1,77,2,30,1,1,0,1
"502",2,9,1,10,7,5,55,3,1,36,1,38,0,1,1,1
"503",2,9,1,10,8,3,55,3,1,72,2,20,1,1,1,1
"504",2,7,1,6,7,4,129,3,2,29,2,15,0,1,1,1
"505",3,9,1,8,8,3,12,3,1,56,1,45,1,1,0,1
"506",3,9,1,9,8,2,49,4,1,69,2,38,1,1,0,1
"507",2,8,2,8,8,2,86,3,1,68,2,10,1,1,1,1
"508",3,8,2,7,8,1,77,3,1,54,2,50,1,1,0,1
"509",2,8,1,5,7,4,0,4,1,16,2,0,0,1,1,0
"510",2,4,1,9,8,3,17,3,1,34,1,38,1,0,1,1
"511",2,9,1,10,8,1,42,4,1,44,1,60,1,1,1,1
"512",3,8,1,2,9,6,62,4,1,24,2,38,1,1,0,0
"513",2,8,1,5,9,2,36,3,1,56,2,40,1,1,1,0
"514",3,10,3,6,8,4,37,3,1,74,2,5,1,1,0,1
"515",2,9,1,3,7,6,110,3,2,22,2,4,0,1,1,0
"516",3,10,3,5,8,3,10,3,1,64,2,38,1,1,0,0
"517",2,8,2,4,8,1,55,3,1,68,2,40,1,1,1,0
"518",3,8,1,4,9,6,79,3,2,24,2,19,1,1,0,0
"519",4,8,2,5,9,2,58,4,2,58,2,38,1,1,0,0
"520",4,10,1,8,10,3,0,3,1,15,2,0,1,1,0,1
"521",3,10,4,4,7,5,56,2,1,59,2,41,0,1,0,0
"522",2,9,1,8,8,3,12,3,1,65,2,38,1,1,1,1
"523",3,7,2,7,7,2,50,2,1,64,2,38,0,1,0,1
"524",3,8,2,4,8,4,0,3,1,16,2,20,1,1,0,0
"525",3,8,2,8,5,2,0,1,2,73,2,40,0,1,0,1
"526",1,9,1,8,10,5,25,4,1,48,1,38,1,1,1,1
"527",3,8,2,6,7,4,0,3,2,15,2,7,0,1,0,1
"528",2,8,2,7,6,2,36,2,1,43,1,38,0,1,1,1
"529",4,10,4,2,8,4,0,3,1,81,2,0,1,1,0,0
"530",3,9,1,7,8,4,74,3,1,40,1,26,1,1,0,1
"531",3,8,4,1,5,4,12,3,3,75,2,40,0,1,0,0
"532",3,8,2,2,8,0,140,3,1,19,2,38,1,1,0,0
"533",1,8,1,9,7,3,17,2,1,80,2,50,0,1,1,1
"534",4,8,2,3,8,2,42,3,1,36,1,50,1,1,0,0
"535",3,10,2,3,9,4,25,3,1,16,2,2,1,1,0,0
"536",2,10,1,1,9,2,12,4,1,70,2,5,1,1,1,0
"537",2,9,2,10,9,4,17,2,1,47,1,50,1,1,1,1
"538",3,5,1,3,5,1,87,2,2,56,2,24,0,0,0,0
"539",2,10,2,9,10,1,44,4,1,59,2,38,1,1,1,1
"540",4,10,2,6,10,2,86,4,1,71,2,38,1,1,0,1
"541",4,9,1,2,10,4,0,4,1,70,2,20,1,1,0,0
"542",3,7,2,4,9,4,67,4,1,43,1,38,1,1,0,0
"543",2,8,5,0,8,3,11,2,1,53,1,50,1,1,1,0
"544",4,10,1,6,9,0,19,3,1,47,1,40,1,1,0,1
"545",2,8,2,7,8,3,12,3,2,56,1,50,1,1,1,1
"546",1,10,2,9,10,3,24,3,1,87,2,40,1,1,1,1
"547",2,8,2,2,8,4,38,3,1,56,2,35,1,1,1,0
"548",4,9,2,5,9,3,12,3,1,69,2,35,1,1,0,0
"549",4,10,2,5,10,5,0,3,1,15,2,30,1,1,0,0
"550",3,7,2,5,8,3,37,3,1,34,1,30,1,1,0,0
"551",2,9,1,4,8,3,157,3,1,24,2,38,1,1,1,0
"552",3,8,1,5,8,1,0,3,1,69,2,38,1,1,0,0
"553",2,9,1,7,9,3,25,1,2,67,2,50,1,1,1,1
"554",3,7,2,3,7,3,124,3,1,39,2,38,0,1,0,0
"555",1,9,2,5,9,2,0,1,1,46,1,38,1,1,1,0
"556",2,9,1,5,8,4,31,3,1,68,2,38,1,1,1,0
"557",3,10,1,10,10,4,86,3,1,66,2,38,1,1,0,1
"558",3,8,1,8,8,4,132,3,1,47,2,48,1,1,0,1
"559",3,8,2,8,7,3,94,3,1,45,1,50,0,1,0,1
"560",2,8,2,3,8,4,52,3,1,41,1,38,1,1,1,0
"561",3,10,2,3,9,3,66,3,1,22,2,35,1,1,0,0
"562",2,4,1,8,8,4,12,2,2,32,1,18,1,0,1,1
"563",3,9,1,2,10,3,0,3,2,16,2,0,1,1,0,0
"564",2,9,2,2,9,4,38,1,1,67,1,38,1,1,1,0
"565",3,8,1,4,8,4,0,3,1,17,2,5,1,1,0,0
"566",2,9,1,6,10,6,38,4,1,19,2,20,1,1,1,1
"567",3,9,2,6,9,1,12,4,4,41,1,38,1,1,0,1
"568",2,7,2,7,7,3,72,2,1,50,1,50,0,1,1,1
"569",1,8,1,8,7,2,0,2,2,73,2,0,0,1,1,1
"570",2,7,1,7,7,2,25,3,1,41,1,38,0,1,1,1
"571",2,10,2,7,10,4,119,4,1,69,2,43,1,1,1,1
"572",1,10,1,7,10,4,19,3,1,65,2,38,1,1,1,1
"573",4,10,1,2,9,3,30,4,1,66,2,42,1,1,0,0
"574",4,7,1,8,8,1,30,1,1,48,2,39,1,1,0,1
"575",2,8,1,8,8,1,0,3,2,47,1,40,1,1,1,1
"576",4,9,2,2,9,3,39,4,2,35,1,44,1,1,0,0
"577",2,10,2,3,10,2,17,4,1,85,2,50,1,1,1,0
"578",2,8,1,3,6,2,0,2,2,43,1,38,0,1,1,0
"579",3,9,1,7,10,2,19,3,2,49,1,44,1,1,0,1
"580",2,7,2,3,7,1,23,3,2,78,2,70,0,1,1,0
"581",2,5,2,2,5,0,0,2,2,52,2,38,0,0,1,0
"582",2,7,1,7,8,2,38,2,1,57,1,50,1,1,1,1
"583",3,10,2,2,10,2,12,4,1,73,2,37,1,1,0,0
"584",3,9,1,8,9,4,52,4,1,41,2,47,1,1,0,1
"585",3,8,2,5,9,3,0,3,1,46,1,18,1,1,0,0
"586",1,8,1,9,8,4,75,3,1,45,1,50,1,1,1,1
"587",3,9,2,5,9,3,38,4,2,60,2,50,1,1,0,0
"588",2,8,1,5,9,2,19,3,2,22,2,30,1,1,1,0
"589",2,5,1,1,3,3,0,2,3,74,2,38,0,0,1,0
"590",3,8,1,2,8,4,236,4,1,24,2,38,1,1,0,0
"591",2,8,2,9,9,4,0,3,2,69,2,20,1,1,1,1
"592",2,7,2,2,7,4,25,2,2,47,2,60,0,1,1,0
"593",3,10,2,2,10,4,146,4,1,41,2,38,1,1,0,0
"594",2,3,1,3,4,1,11,2,3,59,1,50,0,0,1,0
"595",3,8,1,4,9,4,94,4,1,18,2,25,1,1,0,0
"596",2,9,2,7,9,2,60,4,4,72,2,60,1,1,1,1
"597",3,8,2,5,8,4,74,3,1,50,2,35,1,1,0,0
"598",2,8,1,8,8,4,11,3,1,44,1,40,1,1,1,1
"599",2,8,3,7,8,4,19,3,1,44,1,46,1,1,1,1
"600",3,2,2,1,2,1,10,1,4,47,2,38,0,0,0,0
"601",2,8,1,3,10,4,54,4,1,69,1,40,1,1,1,0
"602",2,8,2,6,8,3,35,3,1,40,1,40,1,1,1,1
"603",3,8,2,5,8,2,23,3,1,64,2,42,1,1,0,0
"604",2,10,1,2,9,4,113,3,1,26,1,70,1,1,1,0
"605",2,7,2,8,7,4,74,2,2,53,2,44,0,1,1,1
"606",2,8,1,7,8,1,12,2,2,48,1,41,1,1,1,1
"607",3,8,2,5,5,4,17,3,1,59,2,45,0,1,0,0
"608",1,10,1,7,10,4,35,4,1,59,2,45,1,1,1,1
"609",2,10,2,8,10,2,31,4,1,50,1,23,1,1,1,1
"610",2,8,1,2,8,4,74,3,1,60,2,30,1,1,1,0
"611",2,10,2,9,10,3,90,4,1,56,2,48,1,1,1,1
"612",3,7,1,5,7,2,35,2,1,54,2,38,0,1,0,0
"613",4,10,2,4,10,5,0,3,2,16,2,3,1,1,0,0
"614",3,8,2,6,7,2,19,3,1,34,1,55,0,1,0,1
"615",2,10,1,2,10,6,25,4,2,50,1,18,1,1,1,0
"616",2,10,2,7,10,3,24,3,1,66,2,38,1,1,1,1
"617",2,8,2,7,8,4,52,3,1,53,2,30,1,1,1,1
"618",3,6,2,6,6,4,12,3,1,56,2,37,0,0,0,1
"619",3,6,1,5,6,6,62,2,1,23,2,45,0,0,0,0
"620",3,8,2,4,5,1,58,3,1,63,2,0,0,1,0,0
"621",2,8,2,5,8,3,35,3,2,56,2,50,1,1,1,0
"622",3,8,1,5,8,3,96,3,1,35,1,32,1,1,0,0
"623",3,9,1,6,9,2,50,3,1,38,1,40,1,1,0,1
"624",3,9,1,6,9,4,145,4,1,42,2,40,1,1,0,1
"625",1,8,3,9,8,2,17,3,1,67,2,44,1,1,1,1
"626",3,10,1,2,10,6,74,4,1,50,1,45,1,1,0,0
"627",3,8,2,6,10,1,17,3,1,67,2,38,1,1,0,1
"628",2,9,1,8,9,4,17,3,1,42,1,36,1,1,1,1
"629",3,8,1,8,9,4,124,3,2,19,2,60,1,1,0,1
"630",2,9,1,9,9,3,38,4,2,45,1,38,1,1,1,1
"631",2,8,2,8,7,4,49,3,2,64,2,40,0,1,1,1
"632",2,8,1,9,8,2,85,3,2,47,1,40,1,1,1,1
"633",3,5,1,4,5,3,0,2,3,16,2,0,0,0,0,0
"634",2,7,4,4,7,2,158,3,2,68,2,33,0,1,1,0
"635",1,7,1,9,7,3,25,4,2,46,2,0,0,1,1,1
"636",2,10,2,2,10,0,17,3,1,21,2,10,1,1,1,0
"637",3,10,2,4,10,4,52,4,1,68,2,20,1,1,0,0
"638",2,2,1,6,3,4,349,2,2,32,2,45,0,0,1,1
"639",4,8,2,7,7,3,37,3,1,38,1,38,0,1,0,1
"640",3,7,1,8,8,4,0,2,2,16,2,10,1,1,0,1
"641",2,5,2,4,8,2,12,3,2,52,1,45,1,0,1,0
"642",3,7,1,3,7,4,52,2,2,31,2,50,0,1,0,0
"643",3,10,2,8,10,4,89,4,1,18,2,6,1,1,0,1
"644",2,8,2,8,9,2,74,4,1,71,2,8,1,1,1,1
"645",3,7,1,3,5,3,129,2,2,21,2,40,0,1,0,0
"646",3,10,1,1,9,3,117,4,2,26,1,40,1,1,0,0
"647",3,7,1,7,7,4,0,2,2,60,2,38,0,1,0,1
"648",4,10,1,4,10,6,0,4,1,16,2,0,1,1,0,0
"649",1,8,1,4,9,4,0,3,2,15,2,0,1,1,1,0
"650",2,8,1,9,8,3,17,3,1,64,2,0,1,1,1,1
"651",2,7,2,2,9,6,12,2,1,75,2,55,1,1,1,0
"652",4,8,2,2,5,2,49,3,2,17,2,0,0,1,0,0
"653",2,9,2,6,9,4,98,4,1,62,2,50,1,1,1,1
"654",4,7,1,0,7,2,31,3,1,19,2,38,0,1,0,0
"655",2,7,3,2,7,2,67,3,1,60,2,70,0,1,1,0
"656",3,9,1,7,9,0,84,3,1,68,2,38,1,1,0,1
"657",2,10,1,4,10,1,0,4,1,62,2,20,1,1,1,0
"658",2,6,2,7,6,2,17,3,2,39,1,45,0,0,1,1
"659",1,0,1,8,9,4,77,3,1,57,1,86,1,0,1,1
"660",4,7,1,2,6,3,139,3,1,18,2,5,0,1,0,0
"661",3,9,2,8,7,4,55,2,1,52,1,38,0,1,0,1
"662",3,8,2,8,8,4,19,3,2,20,2,17,1,1,0,1
"663",3,6,2,0,6,4,47,1,1,44,1,38,0,0,0,0
"664",2,10,2,8,9,4,12,3,1,71,2,40,1,1,1,1
"665",4,5,1,0,6,6,10,3,2,23,2,15,0,0,0,0
"666",3,5,1,10,10,5,0,3,1,47,2,38,1,0,0,1
"667",2,8,1,8,7,2,38,2,2,49,1,39,0,1,1,1
"668",2,8,1,8,8,2,124,3,1,72,2,50,1,1,1,1
"669",3,9,1,9,9,2,48,4,1,53,2,38,1,1,0,1
"670",1,9,1,10,9,4,25,3,1,39,1,40,1,1,1,1
"671",2,8,2,3,7,6,12,4,1,71,2,45,0,1,1,0
"672",2,9,2,5,7,3,49,3,1,62,2,38,0,1,1,0
"673",3,9,1,5,8,3,188,4,1,24,2,45,1,1,0,0
"674",2,8,2,8,8,3,17,3,1,60,2,20,1,1,1,1
"675",2,10,1,9,10,4,0,4,1,21,2,35,1,1,1,1
"676",3,9,1,9,9,4,74,2,1,48,2,36,1,1,0,1
"677",2,9,2,8,9,6,0,4,1,56,1,60,1,1,1,1
"678",3,8,1,8,8,3,74,3,1,42,1,38,1,1,0,1
"679",2,9,1,7,9,4,121,3,1,44,1,50,1,1,1,1
"680",1,6,1,9,6,3,404,2,2,24,2,18,0,0,1,1
"681",2,9,1,7,8,4,23,3,1,43,1,40,1,1,1,1
"682",2,10,1,2,10,4,70,4,1,44,1,44,1,1,1,0
"683",1,8,1,9,8,3,19,4,1,58,1,41,1,1,1,1
"684",3,8,1,8,9,6,12,4,1,49,1,45,1,1,0,1
"685",2,10,1,7,10,5,12,4,1,36,1,18,1,1,1,1
"686",2,9,2,6,7,4,25,3,2,67,2,42,0,1,1,1
"687",2,10,4,3,10,3,12,4,1,72,2,40,1,1,1,0
"688",3,8,1,1,7,4,43,1,1,28,1,36,0,1,0,0
"689",3,8,1,4,8,3,29,3,1,17,2,0,1,1,0,0
"690",2,7,1,7,7,5,50,3,1,34,1,50,0,1,1,1
"691",3,4,1,5,3,3,25,2,3,19,2,42,0,0,0,0
"692",2,10,1,8,8,2,42,4,1,40,1,50,1,1,1,1
"693",3,7,1,8,7,4,0,3,2,27,2,30,0,1,0,1
"694",3,9,1,9,9,2,12,4,1,41,1,33,1,1,0,1
"695",3,7,2,4,8,5,93,3,2,21,2,5,1,1,0,0
"696",3,8,1,6,8,4,25,4,1,37,1,38,1,1,0,1
"697",2,8,1,7,7,3,72,3,2,58,1,38,0,1,1,1
"698",1,9,2,7,9,2,73,3,1,69,2,45,1,1,1,1
"699",2,7,2,5,8,1,17,1,2,78,2,15,1,1,1,0
"700",3,10,2,7,9,4,35,3,1,63,2,40,1,1,0,1
"701",2,7,2,6,7,5,74,3,1,43,1,42,0,1,1,1
"702",2,7,3,4,7,2,140,3,1,38,1,70,0,1,1,0
"703",2,8,1,10,9,4,74,4,1,44,1,50,1,1,1,1
"704",3,8,2,5,1,4,0,2,1,53,1,64,0,1,0,0
"705",3,8,2,7,7,4,50,3,2,57,2,38,0,1,0,1
"706",4,10,2,5,9,3,132,3,1,21,2,20,1,1,0,0
"707",3,9,3,NA,10,5,29,3,2,52,1,36,1,1,0,0
"708",3,10,2,0,10,4,155,4,1,29,2,0,1,1,0,0
"709",2,8,2,5,8,2,17,2,2,71,2,38,1,1,1,0
"710",2,9,1,6,9,4,23,3,1,28,2,9,1,1,1,1
"711",2,6,2,7,7,2,17,2,2,50,1,38,0,0,1,1
"712",3,9,2,8,9,5,72,3,1,43,1,39,1,1,0,1
"713",3,10,1,5,10,2,12,3,1,37,1,39,1,1,0,0
"714",2,7,2,8,7,3,17,2,2,63,2,40,0,1,1,1
"715",2,7,1,5,7,1,12,2,1,55,2,38,0,1,1,0
"716",3,10,2,7,10,2,19,3,1,49,1,38,1,1,0,1
"717",2,7,2,8,9,3,12,3,2,71,2,38,1,1,1,1
"718",2,8,2,4,8,3,52,2,1,43,1,38,1,1,1,0
"719",3,8,1,5,8,3,0,4,1,23,2,38,1,1,0,0
"720",3,9,1,3,9,4,31,2,1,54,2,1,1,1,0,0
"721",3,9,2,6,9,4,0,4,1,42,1,38,1,1,0,1
"722",3,7,2,6,7,2,19,3,1,55,2,60,0,1,0,1
"723",3,9,2,6,8,1,46,4,1,69,2,38,1,1,0,1
"724",3,8,3,3,9,1,89,4,1,74,2,42,1,1,0,0
"725",4,8,1,8,8,2,240,4,1,22,2,35,1,1,0,1
"726",3,7,1,4,7,4,0,3,2,17,2,45,0,1,0,0
"727",3,6,5,1,7,1,0,3,1,56,2,40,0,0,0,0
"728",3,9,2,3,9,3,84,3,2,69,2,48,1,1,0,0
"729",2,9,4,2,10,2,0,4,1,48,1,48,1,1,1,0
"730",2,9,1,9,8,3,35,3,1,75,2,45,1,1,1,1
"731",2,10,2,NA,10,1,0,3,2,86,2,50,1,1,1,0
"732",2,9,1,8,8,4,12,2,1,67,2,0,1,1,1,1
"733",3,8,2,6,8,1,42,4,1,51,1,38,1,1,0,1
"734",2,8,1,7,6,2,12,1,1,58,2,45,0,1,1,1
"735",3,5,1,10,4,6,12,2,2,35,1,20,0,0,0,1
"736",4,6,1,2,5,5,207,3,1,66,2,40,0,0,0,0
"737",3,10,1,8,9,2,10,3,1,47,1,30,1,1,0,1
"738",3,9,3,3,9,3,49,3,1,64,2,33,1,1,0,0
"739",4,9,2,7,9,4,57,4,1,41,1,38,1,1,0,1
"740",3,10,1,4,9,5,35,3,1,64,2,15,1,1,0,0
"741",2,8,2,5,8,0,0,3,2,73,2,38,1,1,1,0
"742",3,9,2,7,9,6,68,4,1,24,2,15,1,1,0,1
"743",2,3,2,5,4,3,12,2,2,46,1,38,0,0,1,0
"744",3,8,1,10,8,1,52,3,1,27,2,20,1,1,0,1
"745",4,9,2,6,9,2,25,4,1,49,1,38,1,1,0,1
"746",3,10,2,6,9,2,70,4,1,60,2,38,1,1,0,1
"747",3,9,3,6,8,1,36,3,1,93,2,38,1,1,0,1
"748",4,5,4,1,7,1,0,3,2,88,2,20,0,0,0,0
"749",3,10,2,6,10,5,12,1,2,52,1,38,1,1,0,1
"750",3,9,2,6,9,6,139,3,1,21,2,14,1,1,0,1
"751",3,9,3,3,8,1,37,4,2,63,2,24,1,1,0,0
"752",3,8,2,2,7,2,174,4,1,44,1,38,0,1,0,0
"753",4,9,3,5,9,0,0,3,2,38,2,15,1,1,0,0
"754",2,10,1,5,10,3,238,3,1,40,1,38,1,1,1,0
"755",2,9,2,7,8,6,35,3,2,27,2,38,1,1,1,1
"756",2,8,1,8,8,6,74,4,1,51,2,50,1,1,1,1
"757",1,10,1,1,10,0,12,4,1,74,2,38,1,1,1,0
"758",3,10,2,5,9,4,37,3,1,24,2,14,1,1,0,0
"759",2,8,2,7,8,4,0,3,1,16,2,0,1,1,1,1
"760",3,6,2,4,6,3,75,2,2,43,1,40,0,0,0,0
"761",2,7,1,9,7,4,17,2,1,43,1,40,0,1,1,1
"762",2,9,2,4,9,6,31,4,1,66,2,46,1,1,1,0
"763",3,5,1,7,8,0,0,4,1,77,2,38,1,0,0,1
"764",3,8,1,5,10,3,25,4,1,67,2,4,1,1,0,0
"765",4,7,3,9,8,0,12,3,2,61,2,8,1,1,0,1
"766",3,9,1,6,9,4,134,3,1,33,2,44,1,1,0,1
"767",2,7,1,10,8,6,74,3,2,56,2,50,1,1,1,1
"768",2,8,1,7,7,3,17,3,1,47,1,38,0,1,1,1
"769",4,10,1,3,9,5,76,3,2,18,2,8,1,1,0,0
"770",3,7,3,6,8,4,49,2,1,62,1,38,1,1,0,1
"771",2,2,1,8,5,4,35,2,3,66,2,38,0,0,1,1
"772",3,7,3,8,8,3,0,2,2,61,2,14,1,1,0,1
"773",2,9,2,8,9,4,17,2,1,65,2,45,1,1,1,1
"774",3,8,2,6,7,4,74,2,1,40,1,38,0,1,0,1
"775",3,8,1,6,8,2,72,2,4,55,2,53,1,1,0,1
"776",4,7,4,8,8,4,25,2,2,34,2,38,1,1,0,1
"777",3,10,2,9,10,6,35,4,1,48,1,0,1,1,0,1
"778",3,2,3,2,10,4,17,1,3,72,2,15,1,0,0,0
"779",2,8,2,7,8,2,12,2,1,91,2,0,1,1,1,1
"780",3,8,2,7,8,2,124,3,1,43,1,40,1,1,0,1
"781",4,8,1,7,8,3,129,2,2,21,2,40,1,1,0,1
"782",2,9,2,9,8,3,62,3,1,40,1,40,1,1,1,1
"783",3,9,1,3,10,6,86,3,1,17,2,8,1,1,0,0
"784",2,9,1,5,8,3,25,2,1,65,2,35,1,1,1,0
"785",3,8,2,2,9,2,52,3,1,74,2,30,1,1,0,0
"786",3,8,1,3,7,4,207,3,1,25,2,35,0,1,0,0
"787",3,7,1,7,6,5,118,2,2,48,1,38,0,1,0,1
"788",3,10,2,2,10,2,36,4,1,47,1,38,1,1,0,0
"789",3,9,1,5,9,2,19,3,1,50,2,34,1,1,0,0
"790",2,7,1,6,7,4,12,2,1,42,1,25,0,1,1,1
"791",4,9,2,5,9,3,233,3,1,22,2,33,1,1,0,0
"792",4,8,5,2,9,2,0,3,1,104,2,80,1,1,0,0
"793",3,7,4,2,6,3,279,2,2,29,2,40,0,1,0,0
"794",2,8,1,9,8,4,74,2,1,53,2,38,1,1,1,1
"795",3,9,2,7,9,3,19,3,1,73,2,15,1,1,0,1
"796",3,9,1,0,9,1,0,4,1,67,2,38,1,1,0,0
"797",2,9,1,2,8,3,19,3,1,36,1,38,1,1,1,0
"798",2,7,1,8,7,4,94,2,2,54,2,38,0,1,1,1
"799",2,9,4,2,9,1,0,3,1,75,2,35,1,1,1,0
"800",3,9,3,2,8,3,200,3,1,39,1,38,1,1,0,0
"801",1,8,1,8,8,4,62,3,1,34,1,38,1,1,1,1
"802",4,5,2,4,2,0,0,2,1,46,1,35,0,0,0,0
"803",2,8,2,8,8,3,36,3,1,59,1,40,1,1,1,1
"804",2,7,2,8,8,4,50,3,1,50,1,40,1,1,1,1
"805",2,9,1,5,9,4,17,3,1,47,1,43,1,1,1,0
"806",3,10,2,3,10,3,94,3,1,20,2,40,1,1,0,0
"807",3,8,2,5,8,2,50,2,1,59,2,27,1,1,0,0
"808",3,7,1,3,8,3,132,3,1,26,2,40,1,1,0,0
"809",3,8,1,5,8,3,132,3,1,38,1,40,1,1,0,0
"810",3,9,1,2,9,5,0,4,1,29,1,40,1,1,0,0
"811",2,8,1,1,10,1,150,4,1,55,2,30,1,1,1,0
"812",2,10,1,8,10,3,29,4,1,74,2,42,1,1,1,1
"813",3,9,2,5,9,5,35,3,1,29,2,43,1,1,0,0
"814",2,5,1,5,6,4,111,2,2,24,2,42,0,0,1,0
"815",1,9,1,4,9,1,47,4,1,69,2,3,1,1,1,0
"816",3,7,3,7,8,5,46,3,1,29,2,38,1,1,0,1
"817",1,10,1,5,8,6,230,4,1,19,2,36,1,1,1,0
"818",2,8,2,7,8,2,12,3,1,42,1,40,1,1,1,1
"819",3,7,1,1,8,4,56,3,2,63,2,38,1,1,0,0
"820",3,9,1,7,10,5,25,3,1,38,1,42,1,1,0,1
"821",2,8,1,8,8,5,36,4,2,18,2,18,1,1,1,1
"822",1,10,1,NA,7,1,0,NA,NA,47,2,0,0,1,1,0
"823",2,7,2,2,6,0,46,2,2,31,2,38,0,1,1,0
"824",4,8,1,6,9,2,0,3,2,15,2,0,1,1,0,1
"825",2,9,1,0,9,4,12,4,1,53,1,39,1,1,1,0
"826",1,0,1,10,8,4,0,2,2,78,2,6,1,0,1,1
"827",2,7,1,5,8,3,71,3,2,67,2,50,1,1,1,0
"828",2,8,1,8,9,5,19,3,2,66,2,60,1,1,1,1
"829",3,9,1,6,9,3,60,3,1,32,1,37,1,1,0,1
"830",2,10,1,6,10,5,0,4,1,28,1,50,1,1,1,1
"831",4,9,1,7,9,4,188,3,1,24,2,40,1,1,0,1
"832",2,8,2,5,9,4,94,4,1,29,2,38,1,1,1,0
"833",2,8,2,7,8,4,304,3,1,39,1,55,1,1,1,1
"834",2,6,2,8,7,4,0,3,2,59,2,40,0,0,1,1
"835",3,9,1,8,9,6,122,4,1,33,1,38,1,1,0,1
"836",2,6,1,9,8,4,73,3,1,26,2,16,1,0,1,1
"837",2,6,2,7,7,3,223,3,2,35,2,44,0,0,1,1
"838",3,7,3,5,7,1,93,3,2,53,1,33,0,1,0,0
"839",1,9,2,8,9,3,120,3,1,54,1,40,1,1,1,1
"840",3,8,3,4,7,2,104,3,2,49,1,33,0,1,0,0
"841",4,9,1,8,9,5,113,4,1,34,1,38,1,1,0,1
"842",2,9,1,9,9,3,38,4,2,22,2,38,1,1,1,1
"843",2,8,2,6,7,1,47,2,1,51,1,40,0,1,1,1
"844",3,10,2,8,9,1,23,3,1,73,2,36,1,1,0,1
"845",1,7,1,8,6,4,12,3,1,66,2,20,0,1,1,1
"846",3,8,1,9,8,4,12,3,1,40,2,60,1,1,0,1
"847",3,7,1,5,8,4,341,4,1,21,2,38,1,1,0,0
"848",2,9,2,7,9,6,140,3,1,28,2,32,1,1,1,1
"849",3,6,1,7,7,4,52,2,2,39,1,38,0,0,0,1
"850",3,8,1,5,8,6,50,3,1,32,2,38,1,1,0,0
"851",3,8,1,3,6,3,90,3,2,32,1,30,0,1,0,0
"852",2,2,1,10,1,4,70,2,4,17,2,4,0,0,1,1
"853",1,8,1,6,8,5,25,3,2,42,1,38,1,1,1,1
"854",2,9,1,7,10,4,35,3,1,55,2,38,1,1,1,1
"855",2,8,2,5,8,3,35,3,1,69,2,42,1,1,1,0
"856",1,8,1,10,8,4,200,3,2,31,2,38,1,1,1,1
"857",1,7,1,10,8,4,113,3,2,48,1,38,1,1,1,1
"858",2,8,1,7,8,4,35,3,1,42,1,45,1,1,1,1
"859",2,8,1,8,8,1,37,2,1,62,2,0,1,1,1,1
"860",1,8,1,7,8,3,132,3,1,53,2,38,1,1,1,1
"861",3,9,3,2,8,1,37,3,2,73,2,33,1,1,0,0
"862",3,8,1,5,8,5,145,3,1,50,2,38,1,1,0,0
"863",2,8,1,10,9,6,10,3,2,15,2,0,1,1,1,1
"864",2,6,2,6,9,4,19,2,1,70,2,60,1,0,1,1
"865",3,4,4,1,7,3,38,2,2,72,2,1,0,0,0,0
"866",2,8,1,3,9,2,38,3,1,48,1,45,1,1,1,0
"867",1,10,2,0,10,5,59,4,1,65,2,26,1,1,1,0
"868",2,10,1,8,7,3,17,3,1,71,2,0,0,1,1,1
"869",2,3,5,4,8,3,12,3,2,30,2,25,1,0,1,0
"870",3,9,1,5,10,4,0,3,2,15,2,0,1,1,0,0
"871",3,9,4,2,8,5,0,4,1,84,2,15,1,1,0,0
"872",4,10,5,0,10,4,0,3,1,49,1,42,1,1,0,0
"873",2,9,1,8,8,1,12,3,1,43,1,20,1,1,1,1
"874",3,7,1,9,8,5,58,2,1,16,2,38,1,1,0,1
"875",1,8,2,7,9,5,12,4,1,65,2,38,1,1,1,1
"876",3,6,1,5,6,4,239,2,2,17,2,38,0,0,0,0
"877",2,8,2,3,9,2,19,4,1,56,2,70,1,1,1,0
"878",2,8,1,3,8,5,12,3,2,33,1,27,1,1,1,0
"879",2,7,2,2,6,4,136,3,2,25,2,40,0,1,1,0
"880",3,8,2,4,7,4,69,2,1,33,1,50,0,1,0,0
"881",1,6,3,8,7,2,38,3,2,42,1,36,0,0,1,1
"882",4,10,1,0,10,6,25,4,1,26,1,50,1,1,0,0
"883",2,9,2,7,9,1,48,4,1,54,2,53,1,1,1,1
"884",1,8,1,7,7,3,87,3,2,60,2,38,0,1,1,1
"885",3,8,1,7,9,1,19,4,1,37,1,38,1,1,0,1
"886",3,10,1,5,10,4,24,3,1,36,1,38,1,1,0,0
"887",3,0,1,0,0,1,307,2,NA,47,1,38,0,0,0,0
"888",3,7,2,5,8,3,0,3,1,16,2,0,1,1,0,0
"889",2,9,1,3,2,4,0,1,2,59,2,38,0,1,1,0
"890",2,8,1,8,8,3,35,3,1,68,1,50,1,1,1,1
"891",3,8,2,5,7,3,12,4,1,40,2,35,0,1,0,0
"892",4,8,1,3,9,4,81,3,1,24,2,45,1,1,0,0
"893",2,7,2,3,7,2,59,3,2,55,2,40,0,1,1,0
"894",3,9,3,3,8,2,38,3,1,39,1,44,1,1,0,0
"895",1,10,1,5,9,4,86,4,1,47,1,42,1,1,1,0
"896",2,9,2,5,8,2,17,3,1,51,1,38,1,1,1,0
"897",3,7,1,5,7,4,37,1,2,57,2,36,0,1,0,0
"898",3,8,4,3,8,6,0,3,1,34,1,42,1,1,0,0
"899",2,8,2,8,6,1,122,3,1,52,2,40,0,1,1,1
"900",2,8,1,9,8,3,17,3,1,60,2,34,1,1,1,1
"901",2,9,2,7,7,2,0,3,1,74,2,40,0,1,1,1
"902",3,6,1,4,8,4,74,4,1,25,2,17,1,0,0,0
"903",3,10,1,5,8,2,35,4,2,63,2,25,1,1,0,0
"904",1,6,1,5,8,5,30,2,2,26,1,38,1,0,1,0
"905",1,8,3,3,9,1,35,4,1,65,2,37,1,1,1,0
"906",3,9,1,0,9,3,62,3,1,39,2,40,1,1,0,0
"907",4,6,1,7,7,2,86,3,1,52,2,38,0,0,0,1
"908",4,6,2,2,7,4,35,2,2,42,1,38,0,0,0,0
"909",3,10,3,6,10,2,30,4,1,57,2,35,1,1,0,1
"910",2,7,3,5,9,2,0,3,NA,76,2,12,1,1,1,0
"911",3,8,1,2,8,2,121,3,1,18,2,11,1,1,0,0
"912",1,10,3,5,10,5,0,4,1,74,2,40,1,1,1,0
"913",3,8,2,5,8,6,376,3,1,26,2,48,1,1,0,0
"914",4,8,2,1,8,2,58,3,1,35,1,45,1,1,0,0
"915",2,7,2,5,7,3,35,2,2,44,1,30,0,1,1,0
"916",2,8,2,4,9,5,0,3,2,81,2,32,1,1,1,0
"917",2,9,2,3,9,1,84,3,1,69,2,50,1,1,1,0
"918",2,9,2,9,10,0,52,3,2,82,2,19,1,1,1,1
"919",2,8,2,5,8,1,44,2,1,32,2,0,1,1,1,0
"920",3,9,1,5,9,6,136,3,1,27,2,3,1,1,0,0
"921",2,9,1,8,9,4,113,3,1,34,1,42,1,1,1,1
"922",3,8,1,3,6,2,149,3,2,23,2,38,0,1,0,0
"923",3,6,1,8,6,4,190,2,1,33,2,20,0,0,0,1
"924",3,8,1,6,8,4,47,3,1,63,2,38,1,1,0,1
"925",2,8,1,7,8,4,74,3,1,44,1,45,1,1,1,1
"926",3,10,2,5,9,2,71,4,1,73,2,33,1,1,0,0
"927",1,4,1,6,7,6,241,3,2,26,2,36,0,0,1,1
"928",1,9,1,10,9,4,0,3,1,43,1,37,1,1,1,1
"929",1,9,1,6,9,2,35,3,1,62,1,55,1,1,1,1
"930",2,7,1,9,8,2,12,2,2,50,1,34,1,1,1,1
"931",2,8,1,5,8,2,165,3,1,57,2,42,1,1,1,0
"932",2,8,2,8,8,3,17,3,1,63,2,9,1,1,1,1
"933",2,9,1,10,9,4,17,4,1,55,2,50,1,1,1,1
"934",1,8,1,6,8,3,35,3,1,34,1,45,1,1,1,1
"935",3,6,1,5,6,3,25,2,1,23,2,15,0,0,0,0
"936",3,9,1,8,9,5,188,3,1,19,2,6,1,1,0,1
"937",2,10,1,7,9,1,12,3,1,64,2,38,1,1,1,1
"938",3,5,1,3,5,4,21,2,2,17,2,0,0,0,0,0
"939",2,10,5,5,10,4,0,4,2,51,2,38,1,1,1,0
"940",2,7,2,7,6,3,25,2,1,49,2,50,0,1,1,1
"941",2,8,2,7,9,2,35,2,1,63,2,40,1,1,1,1
"942",2,8,2,8,8,2,12,3,1,67,2,50,1,1,1,1
"943",2,7,1,8,8,3,24,3,1,41,1,30,1,1,1,1
"944",2,10,2,7,10,3,17,4,1,75,2,20,1,1,1,1
"945",2,7,1,8,6,3,74,3,2,17,2,14,0,1,1,1
"946",2,9,1,7,9,3,125,4,1,40,1,38,1,1,1,1
"947",1,7,1,7,8,3,35,2,1,60,1,30,1,1,1,1
"948",3,9,3,8,9,2,234,4,1,49,2,40,1,1,0,1
"949",3,9,1,6,9,4,69,3,1,19,2,0,1,1,0,1
"950",2,9,1,7,9,3,54,3,1,68,2,38,1,1,1,1
"951",3,9,2,5,8,3,25,2,1,56,2,38,1,1,0,0
"952",3,7,1,8,7,1,72,2,3,53,2,30,0,1,0,1
"953",1,7,1,8,7,3,118,3,1,40,1,52,0,1,1,1
"954",2,10,1,8,9,3,12,3,1,64,2,30,1,1,1,1
"955",1,7,1,10,8,2,50,3,1,55,1,38,1,1,1,1
"956",2,2,2,7,5,1,71,3,2,71,2,38,0,0,1,1
"957",3,10,2,3,6,1,12,4,1,94,2,38,0,1,0,0
"958",2,9,4,8,7,3,0,4,1,20,2,15,0,1,1,1
"959",2,10,3,7,9,4,12,3,1,50,2,45,1,1,1,1
"960",2,9,1,9,10,6,166,4,1,26,2,50,1,1,1,1
"961",2,9,1,6,9,2,74,3,1,38,2,38,1,1,1,1
"962",2,10,3,1,10,3,35,4,1,59,1,35,1,1,1,0
"963",3,5,1,6,3,1,111,2,4,20,2,1,0,0,0,1
"964",4,6,1,5,4,4,170,2,1,20,2,0,0,0,0,0
"965",2,8,1,7,8,3,74,2,1,47,1,40,1,1,1,1
"966",3,9,2,3,10,1,117,3,1,27,1,38,1,1,0,0
"967",1,8,1,6,8,4,106,3,1,70,2,40,1,1,1,1
"968",3,10,1,9,10,4,35,4,1,73,2,15,1,1,0,1
"969",2,8,2,5,8,2,30,3,1,61,2,36,1,1,1,0
"970",2,9,1,6,9,3,54,4,1,66,2,30,1,1,1,1
"971",3,8,2,4,8,3,94,3,1,53,1,50,1,1,0,0
"972",2,8,2,6,7,4,36,3,1,51,1,50,0,1,1,1
"973",2,9,2,6,8,2,0,3,1,63,2,27,1,1,1,1
"974",3,10,2,5,10,1,67,3,1,65,2,40,1,1,0,0
"975",3,8,2,1,5,3,61,1,1,68,2,36,0,1,0,0
"976",2,9,2,7,8,1,12,3,1,46,1,40,1,1,1,1
"977",3,8,1,3,10,2,74,3,1,31,2,42,1,1,0,0
"978",3,8,1,8,8,3,35,3,1,53,2,45,1,1,0,1
"979",2,7,1,8,8,3,30,3,1,20,2,5,1,1,1,1
"980",3,5,2,8,8,1,62,2,2,53,1,50,1,0,0,1
"981",2,10,2,4,10,4,30,3,1,80,2,50,1,1,1,0
"982",2,9,1,6,8,3,72,4,1,56,1,60,1,1,1,1
"983",3,8,2,10,9,4,17,3,1,52,1,45,1,1,0,1
"984",3,9,1,6,10,4,19,3,1,65,2,38,1,1,0,1
"985",3,9,1,0,10,5,25,4,1,29,1,36,1,1,0,0
"986",3,9,1,8,9,6,117,4,1,20,2,6,1,1,0,1
"987",3,10,1,5,9,4,152,3,1,17,2,38,1,1,0,0
"988",2,10,1,8,9,4,17,3,1,46,1,33,1,1,1,1
"989",3,8,2,7,8,2,25,NA,1,61,2,37,1,1,0,1
"990",2,9,2,8,9,1,35,4,2,63,2,39,1,1,1,1
"991",2,9,2,7,9,4,35,3,2,62,2,25,1,1,1,1
"992",3,5,1,5,10,2,25,3,2,38,1,22,1,0,0,0
"993",2,8,1,4,8,1,90,3,1,73,2,0,1,1,1,0
"994",3,8,1,7,8,4,0,2,1,63,2,30,1,1,0,1
"995",3,9,1,4,9,2,0,3,1,15,2,24,1,1,0,0
"996",2,5,5,1,5,2,141,1,2,44,2,38,0,0,1,0
"997",3,3,2,6,3,2,112,2,4,18,2,39,0,0,0,1
"998",2,10,2,7,10,3,139,3,1,23,2,8,1,1,1,1
"999",3,8,2,5,7,3,12,3,2,60,2,40,0,1,0,0
"1000",3,10,2,2,9,6,169,4,1,54,2,38,1,1,0,0
"1001",2,8,2,5,7,2,56,3,1,54,1,34,0,1,1,0
"1002",2,8,2,2,8,2,216,3,1,35,2,36,1,1,1,0
"1003",4,9,3,2,9,1,17,4,1,44,1,23,1,1,0,0
"1004",3,8,1,6,9,4,0,4,1,17,2,4,1,1,0,1
"1005",3,10,3,3,9,2,12,4,1,76,2,33,1,1,0,0
"1006",2,9,4,6,8,3,77,3,2,44,2,45,1,1,1,1
"1007",2,8,1,5,7,4,35,2,2,73,2,0,0,1,1,0
"1008",2,10,3,3,8,1,0,3,1,92,2,42,1,1,1,0
"1009",4,10,2,3,9,5,287,3,1,21,2,45,1,1,0,0
"1010",2,9,2,2,9,3,38,3,1,42,1,44,1,1,1,0
"1011",4,NA,4,3,7,1,0,2,2,95,2,15,0,0,0,0
"1012",1,10,1,6,10,4,75,3,2,28,2,45,1,1,1,1
"1013",3,3,1,7,10,3,17,3,1,42,1,45,1,0,0,1
"1014",2,9,2,3,10,2,0,NA,1,50,2,37,1,1,1,0
"1015",4,8,5,5,8,0,0,3,1,32,2,35,1,1,0,0
"1016",4,NA,1,3,NA,4,136,NA,2,46,1,46,0,0,0,0
"1017",3,9,2,6,10,2,0,2,1,17,2,0,1,1,0,1
"1018",3,8,2,8,8,3,35,2,1,62,2,18,1,1,0,1
"1019",2,10,1,9,9,4,42,3,1,64,2,8,1,1,1,1
"1020",3,10,2,6,10,4,0,4,1,57,2,37,1,1,0,1
"1021",3,7,2,8,8,4,74,2,1,36,1,27,1,1,0,1
"1022",3,5,1,4,4,1,19,2,2,44,1,30,0,0,0,0
"1023",3,7,2,6,8,1,130,3,1,43,1,40,1,1,0,1
"1024",3,8,2,2,9,2,38,3,1,17,2,20,1,1,0,0
"1025",2,8,2,7,7,4,50,3,1,47,1,47,0,1,1,1
"1026",2,10,2,6,9,3,25,3,1,63,2,20,1,1,1,1
"1027",3,9,2,4,7,2,19,3,1,62,2,70,0,1,0,0
"1028",2,7,3,5,8,2,12,3,1,62,2,40,1,1,1,0
"1029",3,9,2,6,9,3,12,3,1,76,2,60,1,1,0,1
"1030",3,8,3,8,8,4,25,3,1,38,1,38,1,1,0,1
"1031",2,7,1,8,7,5,81,2,1,45,1,38,0,1,1,1
"1032",3,6,2,3,7,1,19,3,1,43,1,35,0,0,0,0
"1033",2,5,2,6,5,2,25,1,2,53,2,28,0,0,1,1
"1034",3,10,2,4,9,4,0,2,1,16,2,38,1,1,0,0
"1035",3,3,1,5,5,4,0,2,2,41,1,23,0,0,0,0
"1036",3,9,1,8,9,4,70,4,1,39,1,45,1,1,0,1
"1037",2,10,2,5,9,1,35,3,1,69,2,50,1,1,1,0
"1038",1,2,4,4,8,2,93,3,1,65,2,17,1,0,1,0
"1039",3,6,1,8,7,3,47,2,1,42,1,60,0,0,0,1
"1040",2,6,2,8,6,4,35,2,2,59,2,38,0,0,1,1
"1041",3,8,2,3,9,5,19,3,2,17,2,5,1,1,0,0
"1042",3,8,2,6,8,3,46,3,1,73,2,37,1,1,0,1
"1043",3,7,1,8,7,3,267,2,2,34,1,42,0,1,0,1
"1044",2,10,3,3,9,2,0,4,1,15,2,0,1,1,1,0
"1045",3,8,2,10,7,5,58,2,1,49,1,33,0,1,0,1
"1046",3,8,3,2,9,1,25,3,1,46,1,45,1,1,0,0
"1047",1,10,1,10,7,2,35,1,1,75,2,0,0,1,1,1
"1048",2,7,1,7,8,3,55,3,1,45,1,33,1,1,1,1
"1049",2,8,1,5,7,1,65,2,1,69,2,38,0,1,1,0
"1050",3,7,2,5,7,5,112,2,1,22,2,30,0,1,0,0
"1051",2,7,1,7,7,4,17,3,2,23,2,16,0,1,1,1
"1052",3,9,5,3,9,2,12,4,1,62,1,38,1,1,0,0
"1053",3,8,2,5,8,5,55,4,1,38,1,38,1,1,0,0
"1054",3,8,2,3,8,2,54,3,1,40,1,37,1,1,0,0
"1055",3,9,2,6,9,1,31,4,1,45,1,45,1,1,0,1
"1056",1,8,1,9,8,5,50,3,2,45,2,38,1,1,1,1
"1057",2,5,1,8,6,3,74,2,3,58,2,42,0,0,1,1
"1058",1,9,1,8,8,4,35,3,1,63,2,55,1,1,1,1
"1059",4,7,2,10,10,3,0,3,1,21,2,0,1,1,0,1
"1060",1,7,1,8,7,3,0,2,1,60,2,40,0,1,1,1
"1061",3,7,2,7,7,4,58,3,1,47,1,33,0,1,0,1
"1062",3,9,2,8,8,1,130,2,1,43,1,36,1,1,0,1
"1063",3,10,2,2,5,2,86,3,3,45,1,38,0,1,0,0
"1064",3,6,3,1,6,1,23,3,2,45,1,30,0,0,0,0
"1065",1,8,1,5,8,4,0,3,1,39,1,40,1,1,1,0
"1066",4,7,1,10,7,2,0,3,1,17,2,0,0,1,0,1
"1067",3,9,2,4,9,4,0,4,1,71,2,38,1,1,0,0
"1068",3,8,2,3,9,2,0,3,1,50,1,37,1,1,0,0
"1069",2,7,1,7,7,3,72,3,1,55,1,43,0,1,1,1
"1070",2,7,2,7,6,2,149,3,2,60,2,40,0,1,1,1
"1071",3,10,2,1,10,1,37,4,1,87,2,75,1,1,0,0
"1072",3,9,2,9,9,3,36,4,1,42,1,38,1,1,0,1
"1073",3,8,1,4,8,5,293,3,1,18,2,39,1,1,0,0
"1074",2,8,1,6,7,3,94,3,1,49,2,48,0,1,1,1
"1075",3,8,1,7,8,5,267,3,2,48,1,20,1,1,0,1
"1076",3,10,1,9,10,4,12,4,1,46,1,45,1,1,0,1
"1077",4,9,2,8,9,2,75,3,1,52,2,40,1,1,0,1
"1078",4,10,3,2,9,6,0,4,1,90,2,10,1,1,0,0
"1079",4,10,4,5,10,3,0,4,1,45,1,28,1,1,0,0
"1080",3,9,2,7,9,2,0,3,1,86,2,23,1,1,0,1
"1081",1,7,2,8,8,3,12,3,1,67,2,45,1,1,1,1
"1082",4,9,1,3,8,4,43,3,2,18,2,25,1,1,0,0
"1083",3,9,3,5,9,2,17,3,2,88,1,35,1,1,0,0
"1084",2,8,1,6,7,6,12,3,2,23,2,45,0,1,1,1
"1085",3,8,1,7,9,4,50,3,1,25,2,39,1,1,0,1
"1086",3,8,2,2,8,4,62,3,2,42,1,38,1,1,0,0
"1087",3,10,2,6,10,4,0,4,1,59,2,45,1,1,0,1
"1088",3,10,1,8,10,4,0,3,1,20,2,0,1,1,0,1
"1089",3,6,1,7,4,4,174,2,2,21,2,24,0,0,0,1
"1090",2,9,2,6,9,2,75,4,1,27,2,72,1,1,1,1
"1091",3,9,4,7,9,5,19,4,2,55,1,8,1,1,0,1
"1092",3,4,5,4,8,0,186,2,1,66,2,38,1,0,0,0
"1093",2,9,1,7,9,4,12,3,1,46,1,43,1,1,1,1
"1094",2,7,3,5,8,1,0,3,1,63,2,25,1,1,1,0
"1095",2,9,1,2,8,4,86,3,2,18,2,10,1,1,1,0
"1096",4,6,1,10,10,6,0,1,1,15,2,0,1,0,0,1
"1097",3,9,3,6,9,2,46,4,1,54,2,70,1,1,0,1
"1098",3,7,2,3,10,2,82,1,1,22,2,0,1,1,0,0
"1099",3,8,2,4,9,3,84,3,1,49,1,36,1,1,0,0
"1100",3,3,1,5,3,3,0,2,2,34,1,38,0,0,0,0
"1101",2,4,2,5,7,1,0,2,2,22,2,0,0,0,1,0
"1102",2,10,1,2,10,4,19,3,1,27,1,44,1,1,1,0
"1103",2,10,2,7,10,1,42,4,1,62,2,40,1,1,1,1
"1104",2,8,1,7,8,4,56,3,1,49,2,50,1,1,1,1
"1105",3,6,1,5,6,4,93,3,1,19,2,7,0,0,0,0
"1106",2,9,1,3,9,3,38,4,1,45,1,60,1,1,1,0
"1107",1,8,2,6,8,1,12,3,1,72,2,4,1,1,1,1
"1108",3,10,1,3,10,3,17,4,1,89,2,40,1,1,0,0
"1109",3,8,1,3,9,6,75,3,1,23,2,0,1,1,0,0
"1110",2,8,2,8,6,4,38,3,1,57,2,45,0,1,1,1
"1111",3,8,2,3,8,3,54,3,1,32,1,48,1,1,0,0
"1112",3,10,3,5,10,4,0,4,1,75,2,26,1,1,0,0
"1113",3,10,1,8,10,4,38,4,1,22,1,50,1,1,0,1
"1114",2,4,2,5,5,3,74,2,2,63,2,38,0,0,1,0
"1115",3,7,1,5,8,4,74,3,1,20,2,0,1,1,0,0
"1116",2,8,2,6,7,3,25,3,1,52,1,42,0,1,1,1
"1117",3,8,1,4,7,4,42,2,1,20,2,70,0,1,0,0
"1118",2,7,1,3,7,3,38,3,1,38,1,38,0,1,1,0
"1119",1,9,4,3,8,2,72,4,1,68,2,38,1,1,1,0
"1120",2,5,1,8,6,4,52,2,1,49,1,42,0,0,1,1
"1121",4,7,3,5,8,4,12,4,1,43,2,40,1,1,0,0
"1122",2,9,1,0,10,1,85,4,1,37,1,84,1,1,1,0
"1123",2,8,1,8,8,3,75,3,2,60,1,39,1,1,1,1
"1124",2,7,2,5,8,4,0,2,2,16,2,0,1,1,1,0
"1125",1,8,1,4,8,2,56,3,1,45,1,0,1,1,1,0
"1126",3,9,1,1,9,4,44,3,1,20,2,0,1,1,0,0
"1127",2,7,2,6,6,1,19,3,2,51,2,28,0,1,1,1
"1128",2,8,2,9,8,6,35,4,2,34,1,50,1,1,1,1
"1129",3,9,1,7,8,3,47,3,2,17,2,3,1,1,0,1
"1130",2,9,3,5,9,3,0,4,1,84,2,38,1,1,1,0
"1131",2,8,2,5,7,3,17,3,1,63,2,38,0,1,1,0
"1132",1,8,1,9,8,6,0,3,1,55,2,50,1,1,1,1
"1133",3,6,4,3,7,0,0,1,1,82,2,38,0,0,0,0
"1134",2,8,1,8,7,3,19,2,1,63,2,42,0,1,1,1
"1135",3,10,3,6,10,3,17,3,2,29,1,19,1,1,0,1
"1136",4,10,1,5,10,5,68,4,1,47,1,45,1,1,0,0
"1137",3,7,3,3,9,3,17,4,1,38,1,30,1,1,0,0
"1138",1,6,5,5,8,2,0,3,1,66,2,38,1,0,1,0
"1139",2,10,1,9,9,3,52,3,2,21,2,15,1,1,1,1
"1140",2,7,2,7,8,3,25,3,1,44,1,45,1,1,1,1
"1141",4,8,1,6,8,4,0,3,2,15,2,0,1,1,0,1
"1142",2,7,1,3,7,1,52,4,1,62,1,40,0,1,1,0
"1143",3,8,1,1,8,3,38,3,1,33,1,55,1,1,0,0
"1144",2,10,2,4,8,2,0,3,1,72,2,38,1,1,1,0
"1145",3,8,1,7,7,3,12,3,1,40,1,38,0,1,0,1
"1146",3,8,2,3,9,6,74,2,1,18,2,30,1,1,0,0
"1147",3,4,1,3,9,2,12,4,1,25,2,38,1,0,0,0
"1148",2,5,1,8,6,4,12,2,2,52,1,60,0,0,1,1
"1149",3,10,2,5,10,4,113,3,2,55,2,36,1,1,0,0
"1150",3,9,1,8,10,5,42,3,1,50,1,36,1,1,0,1
"1151",3,5,3,7,3,2,12,2,2,68,2,40,0,0,0,1
"1152",1,7,3,6,6,2,38,4,1,59,2,40,0,1,1,1
"1153",3,5,3,8,7,2,25,2,3,83,2,21,0,0,0,1
"1154",4,6,2,7,7,2,0,3,1,53,1,20,0,0,0,1
"1155",3,3,1,3,3,4,113,3,2,31,2,34,0,0,0,0
"1156",2,8,2,6,8,1,126,3,1,50,2,38,1,1,1,1
"1157",3,5,1,9,5,0,303,1,1,56,1,37,0,0,0,1
"1158",2,7,1,9,8,3,10,3,1,53,2,32,1,1,1,1
"1159",2,9,1,8,10,4,25,4,1,31,1,42,1,1,1,1
"1160",2,10,3,9,9,4,56,3,1,55,2,38,1,1,1,1
"1161",3,9,5,8,8,2,25,3,1,38,1,38,1,1,0,1
"1162",2,10,1,7,9,4,12,3,1,55,2,40,1,1,1,1
"1163",3,8,1,5,7,1,11,2,1,64,2,42,0,1,0,0
"1164",1,8,1,8,7,4,17,3,2,74,2,45,0,1,1,1
"1165",3,9,1,6,8,0,19,3,1,23,2,38,1,1,0,1
"1166",2,9,1,9,9,5,72,3,1,36,2,38,1,1,1,1
"1167",1,6,1,9,4,1,147,1,2,40,2,38,0,0,1,1
"1168",3,8,2,3,6,5,136,3,2,25,2,10,0,1,0,0
"1169",2,8,2,7,7,4,96,2,2,76,2,30,0,1,1,1
"1170",2,8,2,7,8,3,71,3,1,62,2,45,1,1,1,1
"1171",1,7,1,6,7,3,238,2,2,22,2,25,0,1,1,1
"1172",2,8,1,10,8,3,19,2,1,60,2,36,1,1,1,1
"1173",3,6,2,10,10,1,0,4,1,60,1,18,1,0,0,1
"1174",1,2,2,3,2,4,25,1,3,45,2,38,0,0,1,0
"1175",3,10,2,7,10,4,35,4,1,71,2,20,1,1,0,1
"1176",2,7,2,4,9,1,0,3,1,84,2,40,1,1,1,0
"1177",2,7,1,6,8,6,52,2,2,58,2,26,1,1,1,1
"1178",3,10,1,9,10,5,147,3,1,30,1,38,1,1,0,1
"1179",4,9,1,5,8,3,115,3,1,35,2,13,1,1,0,0
"1180",3,9,4,2,9,0,0,3,1,66,2,38,1,1,0,0
"1181",1,8,1,5,8,2,12,2,1,47,1,50,1,1,1,0
"1182",1,6,1,9,8,6,30,3,1,21,2,11,1,0,1,1
"1183",1,8,1,8,9,6,93,3,1,55,2,43,1,1,1,1
"1184",2,8,1,6,9,1,87,4,1,52,2,60,1,1,1,1
"1185",3,7,1,7,8,4,56,3,1,18,2,0,1,1,0,1
"1186",4,7,1,6,7,0,116,3,2,18,2,0,0,1,0,1
"1187",4,10,1,7,8,4,37,2,2,33,2,40,1,1,0,1
"1188",4,5,1,4,3,4,0,2,1,49,1,38,0,0,0,0
"1189",2,8,2,8,8,4,17,3,1,86,2,15,1,1,1,1
"1190",1,6,1,7,6,3,35,2,2,73,2,38,0,0,1,1
"1191",1,8,1,7,10,4,31,4,1,57,1,46,1,1,1,1
"1192",2,9,1,6,9,4,37,4,1,53,1,50,1,1,1,1
"1193",3,8,1,8,9,3,19,3,1,30,2,50,1,1,0,1
"1194",3,10,1,7,10,3,25,3,1,65,2,40,1,1,0,1
"1195",3,7,3,7,9,2,0,3,2,33,2,33,1,1,0,1
"1196",2,7,4,7,7,4,0,2,2,65,2,34,0,1,1,1
"1197",2,9,3,6,9,2,0,4,1,59,2,45,1,1,1,1
"1198",3,8,2,5,9,3,135,3,1,37,2,41,1,1,0,0
"1199",3,9,1,7,9,3,129,3,2,26,2,42,1,1,0,1
"1200",2,8,1,6,7,1,25,3,1,65,2,45,0,1,1,1
"1201",4,8,1,8,7,2,74,3,2,22,2,2,0,1,0,1
"1202",4,6,1,2,6,4,74,2,1,42,1,38,0,0,0,0
"1203",2,10,1,8,9,3,35,2,1,47,1,40,1,1,1,1
"1204",4,8,1,7,9,3,92,2,2,20,2,0,1,1,0,1
"1205",1,7,2,1,7,2,0,3,1,58,2,40,0,1,1,0
"1206",1,9,1,8,9,1,149,4,1,51,1,35,1,1,1,1
"1207",1,9,2,8,8,4,48,2,1,61,2,30,1,1,1,1
"1208",3,8,2,6,10,4,12,4,1,74,2,38,1,1,0,1
"1209",2,10,2,8,10,4,12,3,1,53,2,42,1,1,1,1
"1210",2,7,2,6,7,4,54,2,2,32,1,47,0,1,1,1
"1211",3,10,1,7,10,1,249,4,1,41,1,45,1,1,0,1
"1212",3,8,1,6,8,3,193,3,1,21,2,54,1,1,0,1
"1213",3,10,1,8,9,4,25,4,1,30,1,39,1,1,0,1
"1214",2,5,2,7,5,0,12,3,1,69,2,34,0,0,1,1
"1215",2,9,1,9,8,4,37,2,1,43,1,24,1,1,1,1
"1216",1,5,3,5,7,1,0,4,1,52,1,38,0,0,1,0
"1217",3,5,1,6,7,4,36,1,2,47,1,38,0,0,0,1
"1218",3,5,1,5,5,4,17,2,2,58,2,24,0,0,0,0
"1219",3,10,2,6,9,4,35,3,2,58,1,23,1,1,0,1
"1220",2,10,2,0,10,0,0,3,2,95,2,50,1,1,1,0
"1221",2,9,1,8,9,3,17,3,1,36,1,45,1,1,1,1
"1222",2,7,1,8,7,3,56,4,1,39,1,36,0,1,1,1
"1223",2,7,1,10,9,4,23,4,1,57,1,11,1,1,1,1
"1224",1,9,1,9,9,4,17,4,1,60,2,40,1,1,1,1
"1225",3,4,1,7,4,2,0,2,2,16,2,0,0,0,0,1
"1226",2,8,2,4,9,1,17,4,1,57,2,15,1,1,1,0
"1227",3,8,1,8,7,2,17,2,2,66,2,10,0,1,0,1
"1228",2,8,2,5,8,1,110,3,1,52,1,40,1,1,1,0
"1229",3,7,1,8,7,4,94,3,1,30,2,8,0,1,0,1
"1230",2,7,2,4,6,1,12,3,1,72,2,12,0,1,1,0
"1231",3,9,2,7,9,4,12,4,1,65,2,19,1,1,0,1
"1232",2,8,1,5,9,4,37,3,1,32,1,35,1,1,1,0
"1233",3,10,1,1,10,3,94,4,1,44,1,40,1,1,0,0
"1234",3,8,2,8,9,4,126,3,1,32,1,42,1,1,0,1
"1235",3,9,2,8,7,3,113,2,2,32,1,50,0,1,0,1
"1236",3,10,1,9,10,2,17,3,1,53,1,30,1,1,0,1
"1237",3,6,1,7,7,4,49,2,1,24,2,38,0,0,0,1
"1238",3,10,2,8,8,2,0,3,2,70,2,3,1,1,0,1
"1239",3,8,2,6,8,2,23,4,1,78,2,38,1,1,0,1
"1240",3,8,1,3,8,3,46,3,1,18,2,14,1,1,0,0
"1241",4,5,5,0,8,4,23,4,1,64,1,11,1,0,0,0
"1242",3,9,2,2,9,1,12,3,1,75,2,40,1,1,0,0
"1243",3,8,2,9,8,1,23,4,1,56,1,28,1,1,0,1
"1244",2,6,2,5,6,2,90,2,1,29,1,21,0,0,1,0
"1245",3,8,3,5,8,2,67,4,1,54,2,42,1,1,0,0
"1246",2,10,1,9,10,3,74,3,1,44,1,10,1,1,1,1
"1247",2,8,2,8,10,1,25,3,1,53,2,37,1,1,1,1
"1248",2,8,2,6,8,0,12,4,1,72,2,45,1,1,1,1
"1249",3,10,1,5,7,3,19,3,1,27,1,40,0,1,0,0
"1250",3,10,1,8,10,2,52,3,1,62,2,25,1,1,0,1
"1251",2,8,2,8,8,4,113,3,1,41,1,40,1,1,1,1
"1252",2,9,3,4,7,4,0,2,2,84,2,0,0,1,1,0
"1253",2,6,1,4,6,2,177,2,1,39,1,60,0,0,1,0
"1254",2,8,1,8,9,3,35,3,1,62,2,45,1,1,1,1
"1255",3,8,1,8,8,3,93,3,1,21,2,38,1,1,0,1
"1256",2,7,1,7,8,3,52,3,1,61,2,39,1,1,1,1
"1257",3,8,2,6,9,1,61,3,1,48,1,42,1,1,0,1
"1258",1,10,2,3,10,4,35,4,1,78,2,40,1,1,1,0
"1259",3,9,2,2,9,2,116,3,1,46,2,38,1,1,0,0
"1260",3,9,3,6,8,1,17,3,1,65,2,40,1,1,0,1
"1261",3,7,1,10,8,4,38,3,2,23,2,33,1,1,0,1
"1262",3,10,1,7,9,3,75,3,1,38,1,18,1,1,0,1
"1263",2,5,2,6,6,2,211,3,1,35,1,45,0,0,1,1
"1264",3,10,1,3,9,3,55,3,2,15,2,10,1,1,0,0
"1265",4,2,1,9,3,5,406,2,2,19,2,50,0,0,0,1
"1266",4,8,4,4,8,3,88,4,1,51,2,80,1,1,0,0
"1267",2,5,2,7,6,1,116,3,2,46,2,40,0,0,1,1
"1268",3,5,1,8,5,3,12,2,2,37,1,38,0,0,0,1
"1269",2,9,3,5,9,1,54,4,1,67,2,38,1,1,1,0
"1270",2,8,2,8,8,1,17,2,2,65,2,20,1,1,1,1
"1271",3,9,2,5,8,4,74,4,1,51,2,38,1,1,0,0
"1272",4,9,1,9,8,2,12,3,2,42,1,28,1,1,0,1
"1273",3,8,2,8,9,3,17,4,1,65,2,25,1,1,0,1
"1274",2,8,3,5,7,1,30,2,1,67,2,4,0,1,1,0
"1275",2,7,1,9,8,4,131,2,1,28,2,40,1,1,1,1
"1276",3,10,2,8,10,1,58,4,1,57,2,36,1,1,0,1
"1277",2,8,1,8,9,4,184,3,1,51,1,38,1,1,1,1
"1278",4,8,1,5,8,4,12,3,1,15,2,9,1,1,0,0
"1279",3,10,1,10,8,4,99,3,1,24,2,14,1,1,0,1
"1280",3,10,1,5,8,4,61,4,1,17,2,15,1,1,0,0
"1281",1,8,2,4,9,4,84,4,1,70,2,39,1,1,1,0
"1282",3,8,1,7,8,2,12,3,1,28,2,38,1,1,0,1
"1283",4,8,1,5,8,4,22,2,3,39,1,30,1,1,0,0
"1284",3,7,4,6,9,1,36,3,1,54,2,50,1,1,0,1
"1285",2,9,3,3,9,4,35,4,2,72,2,24,1,1,1,0
"1286",4,7,1,6,7,3,182,3,1,29,2,38,0,1,0,1
"1287",4,7,4,5,9,0,74,4,1,44,2,45,1,1,0,0
"1288",2,9,1,6,9,3,0,3,1,41,1,21,1,1,1,1
"1289",2,9,2,7,8,4,0,4,1,34,2,25,1,1,1,1
"1290",1,4,3,3,6,3,12,2,2,79,2,45,0,0,1,0
"1291",1,7,3,5,7,3,19,3,1,82,2,40,0,1,1,0
"1292",3,9,1,7,8,6,149,4,1,35,1,37,1,1,0,1
"1293",3,9,1,7,9,4,61,3,1,39,1,38,1,1,0,1
"1294",3,10,3,5,10,4,33,4,1,60,2,19,1,1,0,0
"1295",2,7,1,5,7,2,19,2,2,57,1,40,0,1,1,0
"1296",3,10,4,5,8,5,0,3,1,16,2,0,1,1,0,0
"1297",4,9,1,6,8,3,12,4,1,57,2,38,1,1,0,1
"1298",2,10,2,8,9,3,35,4,1,69,2,35,1,1,1,1
"1299",4,9,1,4,8,4,0,4,2,25,1,38,1,1,0,0
"1300",2,8,1,4,9,4,113,3,1,32,1,38,1,1,1,0
"1301",2,7,2,6,9,5,12,4,1,19,2,0,1,1,1,1
"1302",3,8,2,7,8,3,12,4,1,50,1,38,1,1,0,1
"1303",4,10,2,5,10,4,12,4,1,68,2,50,1,1,0,0
"1304",3,8,2,8,8,1,42,3,1,65,2,10,1,1,0,1
"1305",3,6,1,0,10,3,94,1,1,21,2,42,1,0,0,0
"1306",2,9,1,6,9,4,17,4,1,42,1,38,1,1,1,1
"1307",2,6,1,7,7,2,17,2,1,32,1,38,0,0,1,1
"1308",2,9,1,5,10,4,25,4,1,33,1,55,1,1,1,0
"1309",2,8,3,5,6,3,0,2,2,56,2,38,0,1,1,0
"1310",2,7,1,8,8,6,52,4,1,36,2,60,1,1,1,1
"1311",1,8,1,8,8,6,109,3,1,28,2,38,1,1,1,1
"1312",2,10,2,4,9,2,25,3,2,68,2,40,1,1,1,0
"1313",2,9,2,3,10,5,74,4,1,46,1,42,1,1,1,0
"1314",2,8,1,10,8,4,38,3,1,46,1,42,1,1,1,1
"1315",3,10,2,1,9,4,35,3,1,69,2,38,1,1,0,0
"1316",1,7,1,10,7,4,82,2,2,43,1,38,0,1,1,1
"1317",3,8,3,4,7,2,74,3,2,51,1,40,0,1,0,0
"1318",3,4,3,5,7,3,0,2,2,73,2,38,0,0,0,0
"1319",4,NA,3,5,8,4,0,3,1,52,1,38,1,0,0,0
"1320",2,10,5,7,10,2,0,4,1,81,2,4,1,1,1,1
"1321",1,8,1,8,8,3,31,3,1,56,2,50,1,1,1,1
"1322",2,7,1,8,6,6,0,3,2,81,2,5,0,1,1,1
"1323",3,6,3,7,5,4,0,1,2,22,2,9,0,0,0,1
"1324",3,9,2,4,9,4,12,3,1,77,2,12,1,1,0,0
"1325",1,8,1,8,8,4,52,3,1,51,2,45,1,1,1,1
"1326",2,9,2,9,8,1,71,3,2,65,2,19,1,1,1,1
"1327",1,8,2,9,8,3,19,3,1,57,1,50,1,1,1,1
"1328",4,10,1,5,10,4,49,4,2,16,2,25,1,1,0,0
"1329",2,7,2,6,8,2,31,3,1,69,2,40,1,1,1,1
"1330",3,8,1,6,8,3,93,2,1,46,1,30,1,1,0,1
"1331",2,8,2,8,9,3,37,4,1,47,1,40,1,1,1,1
"1332",4,0,2,2,10,3,46,NA,1,82,2,40,1,0,0,0
"1333",3,9,1,0,8,2,0,2,3,19,2,38,1,1,0,0
"1334",3,8,1,4,8,3,35,3,1,27,1,30,1,1,0,0
"1335",3,8,1,6,9,2,48,2,1,44,1,38,1,1,0,1
"1336",2,9,2,8,9,1,70,4,1,57,2,38,1,1,1,1
"1337",2,5,2,5,3,3,17,2,2,48,2,38,0,0,1,0
"1338",2,3,1,3,3,2,139,1,2,40,1,36,0,0,1,0
"1339",3,10,1,8,10,4,0,4,1,15,2,0,1,1,0,1
"1340",2,9,1,10,9,3,25,3,1,53,2,38,1,1,1,1
"1341",1,9,1,9,10,2,30,4,1,76,2,25,1,1,1,1
"1342",4,5,1,4,5,2,41,3,2,26,1,4,0,0,0,0
"1343",2,9,2,5,9,4,36,3,1,17,2,38,1,1,1,0
"1344",3,5,1,1,4,1,192,2,3,18,2,38,0,0,0,0
"1345",4,7,2,4,5,1,0,3,1,78,2,10,0,1,0,0
"1346",4,10,2,5,8,1,19,2,2,51,2,19,1,1,0,0
"1347",3,7,3,5,8,2,12,2,2,70,2,50,1,1,0,0
"1348",4,9,2,5,10,4,103,4,1,51,1,38,1,1,0,0
"1349",2,8,2,8,7,4,41,2,1,58,2,30,0,1,1,1
"1350",2,1,2,1,5,2,19,NA,NA,69,2,50,0,0,1,0
"1351",3,6,3,4,6,2,0,2,2,70,2,6,0,0,0,0
"1352",4,10,2,7,9,3,22,3,1,16,2,0,1,1,0,1
"1353",3,10,2,2,10,4,19,4,1,34,1,8,1,1,0,0
"1354",1,9,2,8,9,4,19,4,1,68,2,10,1,1,1,1
"1355",3,9,1,7,9,2,56,3,1,53,2,45,1,1,0,1
"1356",3,9,1,7,10,3,36,4,1,44,1,38,1,1,0,1
"1357",3,10,1,4,10,4,0,4,1,31,1,37,1,1,0,0
"1358",3,8,1,6,9,3,165,3,1,32,1,60,1,1,0,1
"1359",1,4,2,5,5,0,19,2,2,42,2,40,0,0,1,0
"1360",2,8,2,2,7,3,240,3,1,41,1,50,0,1,1,0
"1361",3,8,1,6,9,2,35,3,1,51,1,33,1,1,0,1
"1362",2,8,2,6,9,3,147,3,1,49,2,35,1,1,1,1
"1363",1,9,1,5,9,4,54,4,2,54,2,0,1,1,1,0
"1364",3,10,1,8,9,4,12,3,2,25,2,45,1,1,0,1
"1365",3,3,1,2,3,4,17,2,2,39,1,42,0,0,0,0
"1366",3,8,1,3,8,4,143,3,1,19,2,38,1,1,0,0
"1367",2,10,1,2,5,0,46,NA,1,65,2,36,0,1,1,0
"1368",2,9,1,7,9,4,72,3,1,52,2,36,1,1,1,1
"1369",2,10,3,3,10,4,35,4,4,67,2,28,1,1,1,0
"1370",3,7,2,5,6,4,49,3,1,20,2,40,0,1,0,0
"1371",4,9,2,5,8,1,12,3,1,69,2,6,1,1,0,0
"1372",3,9,1,5,8,5,106,4,1,18,2,38,1,1,0,0
"1373",2,8,2,6,8,1,70,2,2,61,2,50,1,1,1,1
"1374",4,8,2,5,9,4,62,3,1,17,2,0,1,1,0,0
"1375",3,9,1,3,8,4,183,3,1,25,2,45,1,1,0,0
"1376",3,9,1,6,9,3,35,3,2,55,2,40,1,1,0,1
"1377",2,8,1,8,8,5,128,3,2,21,2,25,1,1,1,1
"1378",3,5,2,3,4,3,133,2,1,36,2,38,0,0,0,0
"1379",3,9,1,7,7,3,97,3,1,56,2,36,0,1,0,1
"1380",3,9,2,4,9,1,35,4,1,51,2,28,1,1,0,0
"1381",2,8,2,5,7,1,17,2,1,80,2,38,0,1,1,0
"1382",4,9,3,6,10,1,25,3,2,63,2,30,1,1,0,1
"1383",3,6,1,4,7,4,74,3,2,19,2,28,0,0,0,0
"1384",3,7,3,5,5,0,12,2,3,81,2,5,0,1,0,0
"1385",2,5,4,0,10,4,12,4,3,63,1,36,1,0,1,0
"1386",2,7,1,5,8,3,135,3,1,28,2,12,1,1,1,0
"1387",2,8,2,8,7,2,107,2,1,55,2,40,0,1,1,1
"1388",2,8,1,7,8,1,17,3,1,48,1,12,1,1,1,1
"1389",2,9,1,0,9,4,149,3,1,55,2,40,1,1,1,0
"1390",2,8,1,7,8,4,12,3,1,40,1,24,1,1,1,1
"1391",3,9,3,8,10,5,86,4,1,52,2,65,1,1,0,1
"1392",1,9,1,10,10,3,30,4,1,31,2,40,1,1,1,1
"1393",2,8,1,10,8,3,12,3,1,67,1,42,1,1,1,1
"1394",2,5,4,1,5,2,17,2,2,32,1,38,0,0,1,0
"1395",3,9,1,5,8,2,25,4,1,67,2,5,1,1,0,0
"1396",1,5,3,NA,1,6,19,1,1,61,2,50,0,0,1,0
"1397",3,7,2,7,7,4,12,2,1,54,2,50,0,1,0,1
"1398",2,8,2,6,8,4,166,3,1,51,1,39,1,1,1,1
"1399",3,7,1,7,8,3,103,2,2,20,2,0,1,1,0,1
"1400",3,9,2,6,9,3,60,3,1,68,2,7,1,1,0,1
"1401",3,7,1,5,8,4,0,3,1,15,2,0,1,1,0,0
"1402",3,10,1,7,10,4,19,4,1,51,1,42,1,1,0,1
"1403",3,10,1,1,10,4,109,4,1,21,2,32,1,1,0,0
"1404",3,6,2,5,7,2,12,3,1,68,2,0,0,0,0,0
"1405",2,8,2,6,10,1,150,1,1,38,1,41,1,1,1,1
"1406",2,8,2,5,8,4,12,4,1,75,2,40,1,1,1,0
"1407",3,6,1,4,7,2,62,2,2,42,1,19,0,0,0,0
"1408",3,8,3,6,7,0,0,2,1,61,2,30,0,1,0,1
"1409",2,8,2,4,9,1,11,3,2,70,2,38,1,1,1,0
"1410",2,10,1,8,10,5,70,4,1,50,1,72,1,1,1,1
"1411",3,6,2,3,6,2,94,2,1,53,2,38,0,0,0,0
"1412",4,9,1,8,8,2,0,3,1,16,2,0,1,1,0,1
"1413",2,10,1,8,10,2,36,4,1,33,1,38,1,1,1,1
"1414",2,8,2,5,8,4,38,3,1,32,1,38,1,1,1,0
"1415",2,9,2,3,8,2,54,4,1,61,2,42,1,1,1,0
"1416",2,9,1,3,9,1,0,3,2,15,2,11,1,1,1,0
"1417",2,8,1,5,8,4,74,3,1,32,1,60,1,1,1,0
"1418",3,10,2,5,7,2,17,4,1,85,2,19,0,1,0,0
"1419",3,6,1,2,5,4,71,2,2,18,2,33,0,0,0,0
"1420",3,5,1,4,6,2,35,2,2,24,2,42,0,0,0,0
"1421",3,7,3,1,7,2,116,2,1,46,1,50,0,1,0,0
"1422",2,9,2,3,8,4,75,3,1,37,1,42,1,1,1,0
"1423",4,8,1,5,9,2,12,2,1,48,2,38,1,1,0,0
"1424",4,10,2,7,9,2,0,3,1,54,2,20,1,1,0,1
"1425",3,6,2,5,6,3,35,1,2,63,2,35,0,0,0,0
"1426",3,10,1,5,10,2,113,4,2,19,2,34,1,1,0,0
"1427",4,6,5,3,5,1,0,2,2,88,2,40,0,0,0,0
"1428",3,8,1,5,9,4,0,3,1,18,2,42,1,1,0,0
"1429",3,3,4,5,8,4,0,NA,NA,66,2,0,1,0,0,0
"1430",3,7,1,0,6,3,102,3,1,18,2,7,0,1,0,0
"1431",2,10,1,8,10,4,37,4,1,61,2,38,1,1,1,1
"1432",3,10,2,7,8,4,29,3,2,79,2,5,1,1,0,1
"1433",3,9,1,7,9,2,17,3,1,43,1,38,1,1,0,1
"1434",1,8,1,6,8,2,0,3,1,48,2,50,1,1,1,1
"1435",2,8,1,7,8,4,90,3,1,28,1,45,1,1,1,1
"1436",1,7,1,7,8,2,12,3,1,50,1,38,1,1,1,1
