"","Target","V1","V2","V3","V4","V5","V6","V7","V8","V9","V10","V11","V12","V13","V14","V15","V16","V17"
"1",7440,"Yes",1660,1232,721,23,52,2885,537,3300,450,2200,70,78,18.1,12,7041,60
"2",12280,"Yes",2186,1924,512,16,29,2683,1227,6450,750,1500,29,30,12.2,16,10527,56
"3",11250,"Yes",1428,1097,336,22,50,1036,99,3750,400,1165,53,66,12.9,30,8735,54
"4",12960,"Yes",417,349,137,60,89,510,63,5450,450,875,92,97,7.7,37,19016,59
"5",7560,"Yes",193,146,55,16,44,249,869,4120,800,1500,76,72,11.9,2,10922,15
"6",13500,"Yes",587,479,158,38,62,678,41,3335,500,675,67,73,9.4,11,9727,55
"8",13868,"Yes",1899,1720,489,37,68,1594,32,4826,450,850,89,100,13.7,37,11487,73
"9",15595,"Yes",1038,839,227,30,63,973,306,4400,300,500,79,84,11.3,23,11644,80
"10",10468,"Yes",582,498,172,21,44,799,78,3380,660,1800,40,41,11.5,15,8991,52
"12",17080,"Yes",2652,1900,484,44,77,1707,44,4440,400,600,73,91,9.9,41,11711,76
"13",9690,"Yes",1179,780,290,38,64,1130,638,4785,600,1000,60,84,13.3,21,7940,74
"15",8352,"Yes",494,313,157,23,46,1317,1235,3640,650,2449,36,69,11.1,26,8127,55
"16",8700,"Yes",1420,1093,220,9,22,1018,287,4780,450,1400,78,84,14.7,19,7355,69
"17",19760,"Yes",4302,992,418,83,96,1593,5,5300,660,1598,93,98,8.4,63,21424,100
"18",10100,"Yes",1216,908,423,19,40,1819,281,3520,550,1100,48,61,12.1,14,7994,59
"19",9996,"Yes",1130,704,322,14,23,1586,326,3090,900,1320,62,66,11.5,18,10908,46
"20",5130,"No",3540,2001,1016,24,54,4190,1512,3592,500,2000,60,62,23.1,5,4010,34
"22",6806,"No",7313,4664,1910,20,63,9940,1035,2540,96,2000,83,96,18.3,14,5854,70
"23",11208,"Yes",619,516,219,20,51,1251,767,4124,350,1615,55,65,12.7,25,6584,65
"24",7434,"No",12809,10308,3761,24,49,22593,7585,4850,700,2100,88,93,18.9,5,4602,48
"25",8644,"Yes",708,334,166,46,74,530,182,3922,500,800,79,88,12.6,24,14579,54
"26",3460,"No",1734,1729,951,12,52,3602,939,2650,450,1000,57,60,19.6,5,4739,48
"27",12000,"Yes",2135,1700,491,23,59,1708,689,5920,500,500,93,93,13.8,30,7100,88
"28",6300,"No",7548,6791,3070,25,57,16262,1716,3933,600,1908,85,91,16.7,18,6642,69
"29",11902,"Yes",662,513,257,12,30,2074,726,4372,540,950,65,65,12.8,31,7836,58
"30",13353,"Yes",1879,1658,497,36,69,1950,38,4173,540,821,78,83,12.7,40,9220,71
"31",10990,"Yes",761,725,306,21,58,1337,300,3244,600,1021,66,70,10.4,30,6871,69
"32",11280,"Yes",948,798,295,42,74,1120,15,4342,400,1150,81,95,13,33,11361,71
"33",9925,"Yes",627,556,172,16,40,777,538,4135,750,1350,59,67,22.4,11,6523,48
"34",8620,"Yes",602,483,206,21,47,958,466,4100,400,2250,58,68,11,21,6136,65
"35",10995,"Yes",1690,1366,662,30,61,2718,1460,4410,1000,1000,68,74,17.6,20,8086,85
"36",9690,"Yes",261,192,111,15,36,453,266,4300,500,500,57,77,9.7,35,9337,71
"39",11290,"Yes",990,784,279,18,45,1811,3144,5360,600,1800,76,78,12.6,11,9084,72
"40",6450,"Yes",6075,5349,2367,34,66,9919,484,3920,600,1346,71,76,18.5,38,7503,72
"41",12850,"Yes",1163,850,348,23,56,878,519,5400,400,800,78,89,12.2,30,8954,73
"42",8840,"Yes",807,707,308,39,63,1198,605,2950,750,1290,74,82,13.1,31,6668,84
"43",9000,"Yes",632,494,129,17,36,709,131,4850,300,2480,78,85,13.2,10,7550,52
"44",7800,"Yes",1220,974,481,28,67,1964,623,3664,650,900,61,61,11.1,19,7614,49
"45",16304,"Yes",1320,923,284,26,54,1085,81,3616,355,715,87,95,11.1,26,12957,69
"47",9550,"Yes",632,620,222,14,24,702,501,3850,350,250,64,84,14.1,18,5922,58
"49",13800,"Yes",3466,2330,640,20,60,3095,1533,5510,630,850,87,87,17.5,20,10941,82
"50",8050,"Yes",1858,1221,480,37,68,1620,49,3940,350,2375,80,80,16.3,17,10511,63
"51",8740,"Yes",878,816,200,16,41,706,62,3363,550,1700,62,68,11.6,29,7718,48
"52",8540,"Yes",202,184,122,19,42,537,101,3580,500,1400,61,80,8.8,32,8324,56
"53",6200,"Yes",502,384,104,11,28,347,74,2900,600,800,63,63,11.7,13,7623,35
"54",5188,"Yes",1646,1150,542,12,30,2128,82,3396,650,2500,48,48,13.8,9,6817,58
"55",11660,"Yes",805,588,287,67,88,1376,207,4325,400,900,74,79,14,34,8649,72
"56",6500,"Yes",500,336,156,25,55,421,27,2700,500,1000,76,76,14.3,53,8377,51
"57",7844,"No",6773,3028,1025,15,55,5847,946,2948,500,1680,66,68,18,19,7041,75
"58",7150,"Yes",377,358,181,15,30,653,129,4350,450,1500,61,67,17.8,3,6259,53
"59",9900,"Yes",692,514,209,20,50,760,81,3990,400,900,76,71,13.3,19,9073,58
"60",18420,"Yes",20192,13007,3810,45,80,14971,3113,6810,475,1025,80,81,11.9,16,16836,72
"61",19030,"Yes",3356,1019,418,76,100,1490,8,5885,1495,875,93,96,11.2,52,20447,96
"62",7452,"No",9251,7333,3076,14,45,13699,1213,3352,600,1700,81,89,21.1,14,6918,67
"64",10870,"Yes",3767,3414,1061,30,58,4531,643,4440,2000,1522,75,81,14.4,21,7671,85
"65",19380,"Yes",4186,2743,740,48,77,2819,62,6750,410,1000,90,97,9.8,24,17150,84
"66",9592,"Yes",367,274,158,12,41,917,479,5879,500,700,71,80,13.7,12,5935,49
"67",4371,"Yes",1436,1228,1202,10,26,1320,822,2370,500,2000,62,62,12.6,10,4900,18
"68",10260,"Yes",392,351,155,16,44,738,430,3597,600,1500,39,66,13.1,26,8355,58
"69",10265,"Yes",838,673,292,22,53,881,55,4725,560,875,68,73,13.2,24,8655,82
"70",2340,"Yes",7365,5402,4615,48,82,27378,1253,3580,860,1220,76,76,20.5,40,7916,33
"72",18165,"Yes",1465,810,313,71,95,1088,16,6750,500,1200,100,100,12.3,49,17449,89
"73",18550,"Yes",6548,3813,862,49,85,3316,31,4750,800,1200,95,97,14.2,36,13675,93
"74",13306,"Yes",860,688,285,32,70,1928,442,3797,450,950,62,69,8.8,10,6333,78
"75",13130,"Yes",2362,2037,700,40,68,2607,148,4650,500,1600,77,81,10.9,29,9511,83
"78",12950,"Yes",563,247,247,23,52,1427,432,5300,612,576,72,74,12.4,17,8985,60
"80",7706,"No",4540,3294,1483,5,60,13494,1254,4368,600,1926,90,90,21.2,8,7268,61
"81",10230,"Yes",1784,1512,913,29,56,3401,136,3710,400,1210,75,81,14.8,41,7786,81
"82",7550,"Yes",2087,1339,657,20,54,3191,1204,2790,600,500,77,77,21.8,34,3739,63
"84",10750,"Yes",2853,2193,753,16,34,2978,434,5340,400,1130,90,92,14.6,26,7972,64
"85",13050,"Yes",1747,1382,449,34,66,1662,960,4000,500,800,64,69,12.1,27,9557,83
"86",8400,"Yes",100,90,35,10,52,282,331,2812,300,2134,10,50,12.1,24,7976,52
"87",19292,"Yes",2694,1579,489,75,93,1870,12,3957,550,550,81,93,10.4,60,17960,91
"90",8150,"Yes",1096,951,464,27,62,1776,239,3150,400,500,61,62,13.6,16,6716,67
"91",13125,"Yes",1616,1427,434,20,43,1405,580,3775,500,1300,74,89,15.9,22,7364,62
"92",15700,"Yes",3877,3156,713,71,93,3051,513,4730,525,1460,95,95,2.9,29,19733,67
"93",7656,"No",1257,940,363,9,22,1547,294,4690,400,700,89,91,14.7,8,6318,79
"95",13712,"Yes",1754,1465,505,24,49,2159,211,6408,526,1100,90,96,9.3,18,12751,75
"96",9384,"Yes",3847,3433,527,9,35,1010,12,4840,600,500,22,47,14.3,20,7697,118
"97",14340,"Yes",776,607,198,25,58,791,764,5285,500,1000,58,83,11.7,39,10961,74
"98",7344,"Yes",1307,1090,616,25,55,2196,82,4410,570,1000,50,52,15.3,34,6897,64
"99",11400,"Yes",369,312,90,12,46,396,526,5400,500,760,41,85,9.5,20,9583,24
"100",8950,"Yes",495,434,210,35,55,775,44,3490,600,1900,86,92,11.3,25,9685,66
"101",11230,"Yes",601,396,203,1,20,525,323,6643,2340,620,8,58,6.8,4,13025,47
"102",10938,"Yes",1283,1113,401,31,65,1355,40,3660,650,600,76,90,13.5,29,8444,67
"103",5962,"No",4158,2532,902,6,24,6394,3881,4444,500,985,69,73,16.7,4,4900,49
"104",4620,"No",4681,4101,1436,10,35,8094,1596,3288,300,2250,69,80,19.7,4,5501,50
"105",7242,"No",2785,2011,1007,8,65,6507,898,3603,654,1416,67,89,18.1,0,6413,51
"107",11850,"Yes",1013,888,288,55,82,943,7,4270,600,900,95,99,11.4,60,13118,74
"108",16624,"Yes",959,771,351,23,48,1662,209,5895,600,1100,72,80,12.8,6,12692,47
"109",13500,"Yes",212,197,91,28,56,471,148,5230,400,850,95,98,9.3,37,16095,52
"110",10335,"Yes",342,254,126,25,64,518,232,5015,700,850,71,71,8.3,29,7729,73
"111",8730,"Yes",81,72,51,33,71,139,3,3600,400,800,92,92,9.3,17,10922,58
"112",9300,"Yes",880,520,224,16,42,1068,364,3260,600,900,81,81,11.1,24,8129,63
"113",7860,"No",883,766,428,3,37,2910,1749,4750,525,1889,80,82,21.2,16,4639,48
"114",4412,"Yes",1196,697,499,21,47,959,13,2460,500,1000,69,69,16.9,31,7083,21
"115",17000,"Yes",1860,767,227,71,93,887,1,6010,500,850,99,99,9.6,52,18443,87
"116",17500,"Yes",2887,2059,457,30,61,1928,296,4200,500,950,94,95,10.5,35,11951,79
"118",15960,"Yes",2174,1953,557,35,68,2332,53,5580,700,1300,95,95,15.8,32,11659,77
"119",8116,"No",8065,5257,2301,37,65,11755,770,3610,800,1618,82,88,18,17,7597,73
"121",13925,"Yes",1006,742,275,29,60,1127,205,4390,500,2200,73,86,12.7,32,10141,67
"122",9888,"Yes",604,452,295,15,47,690,222,4502,400,1000,64,77,12.1,39,8741,75
"124",19510,"Yes",4856,2492,727,46,75,2649,25,5565,500,750,95,98,10.5,45,15494,93
"125",10860,"Yes",1432,888,317,29,58,1121,493,5760,550,900,56,62,12.9,23,8604,96
"126",6120,"No",4772,3140,1265,22,55,6851,1200,3460,666,2316,73,78,17.2,18,4776,51
"127",9800,"Yes",798,620,238,14,41,1165,1232,4430,400,1150,46,46,11.1,35,6889,100
"129",12600,"Yes",344,264,97,11,42,500,331,5520,630,2250,77,80,10.4,7,9773,43
"130",11180,"Yes",457,356,177,35,61,667,1983,5620,600,700,64,64,11.5,32,7477,75
"132",12224,"Yes",511,411,186,23,51,1692,562,4440,450,1000,63,87,11.5,32,7315,77
"133",10900,"Yes",444,359,122,34,53,493,968,5250,380,1000,68,70,11.4,23,9447,78
"134",9990,"Yes",983,664,249,23,57,1698,894,5666,800,1500,66,71,14.3,28,6084,64
"135",11138,"Yes",546,447,189,16,42,873,683,4138,600,1200,40,74,14,7,8820,80
"136",8300,"Yes",141,118,55,12,21,201,173,4850,450,1300,53,53,9.5,19,6936,76
"137",11844,"Yes",672,596,278,29,60,1350,275,3696,450,1146,54,76,11.6,33,8996,72
"139",11720,"No",7117,3106,1217,68,88,5186,134,4298,600,800,89,92,12.1,31,9534,93
"140",16240,"Yes",2100,1883,553,29,65,1704,1,4690,500,500,84,96,11.1,43,14140,69
"141",17142,"Yes",3207,1577,490,56,87,1892,7,4190,450,1200,85,97,11.3,51,14664,84
"142",8412,"No",9478,6312,2194,29,65,15646,1829,4180,470,1800,87,89,19.2,10,7850,59
"143",8294,"Yes",314,158,132,10,28,690,5346,3700,400,900,87,87,15.3,2,5015,37
"145",18624,"Yes",6756,1930,871,78,96,3376,55,6664,550,300,97,98,5.9,21,30639,99
"146",10500,"Yes",281,266,139,13,29,1049,181,3750,450,950,69,75,12.8,18,6955,45
"147",6900,"Yes",232,216,106,16,34,534,172,3800,450,1825,67,76,12.1,9,6875,42
"148",10800,"Yes",688,497,144,30,75,641,101,4440,570,1515,55,60,13.1,13,8415,55
"149",9216,"Yes",528,403,186,22,56,1168,145,4191,400,1000,56,64,12.1,13,7309,75
"150",18740,"Yes",3035,1546,438,42,93,1630,232,6300,600,500,86,95,10.7,40,14773,91
"151",12050,"Yes",440,407,149,35,70,643,80,3700,500,900,63,76,10.2,31,10965,75
"154",8000,"Yes",1576,1110,274,24,55,992,112,3700,400,500,51,52,14.1,28,5807,51
"155",6230,"Yes",995,789,398,26,47,1306,122,3526,400,600,42,44,13,4,8189,63
"156",8920,"Yes",866,619,157,18,47,1074,336,4310,680,1320,68,68,14.6,42,6898,46
"157",9130,"Yes",504,482,185,10,36,550,84,3322,450,1450,46,51,12.6,25,8686,54
"158",12292,"Yes",585,508,153,12,30,460,536,4934,500,500,61,61,22.2,10,8643,72
"159",19545,"Yes",8587,2273,1087,87,99,3918,32,6070,550,1100,95,99,4.7,49,29619,98
"161",10850,"Yes",571,461,174,10,26,645,283,3670,400,1159,58,60,12.8,19,7505,56
"162",4528,"No",967,945,459,15,48,2806,538,1880,500,1200,49,63,17.1,16,5113,58
"163",16900,"Yes",2762,2279,533,32,60,1835,14,4720,500,600,88,97,11.6,45,12423,81
"164",14300,"Yes",1994,1656,495,50,80,1983,36,5020,550,950,78,94,11.1,31,11525,82
"166",4486,"No",434,412,319,10,30,1376,237,2146,600,2000,50,64,16.5,28,4525,46
"167",6700,"Yes",1998,1376,651,41,88,1539,45,3650,500,2307,52,52,14.1,12,7566,61
"168",9570,"Yes",793,709,244,20,47,1022,411,3000,400,1000,67,72,15.1,42,6852,60
"169",8310,"Yes",360,329,108,4,19,756,863,5500,600,1800,43,43,12.7,5,5480,54
"170",9800,"Yes",604,562,328,25,50,1048,56,2650,450,2800,61,60,12.5,17,7325,87
"171",9000,"Yes",1011,829,410,9,33,1059,2458,3100,450,1413,77,78,12.4,7,11178,42
"172",13420,"Yes",2799,2573,839,34,65,3322,726,4770,560,1675,88,93,15,24,9473,77
"174",8730,"Yes",700,650,314,33,66,1065,48,3523,500,750,82,92,13.2,35,9303,67
"175",18590,"Yes",13789,3893,1583,90,98,6188,53,5950,625,1162,95,96,5,44,27206,97
"177",7248,"No",9274,6362,2435,14,44,13171,1687,3240,500,1700,74,78,13.2,18,9002,58
"178",5800,"No",3330,2730,1303,15,36,6706,2640,3000,600,2200,73,75,14,9,9825,42
"179",4950,"Yes",379,341,265,10,36,1050,151,2780,530,1500,62,62,15.7,7,5619,38
"181",5962,"No",2172,1493,564,14,50,2766,1531,4316,650,500,71,76,16.9,14,5719,50
"182",5710,"No",5597,4253,1565,12,38,9161,845,3066,120,1730,62,71,16.2,5,5682,76
"183",9650,"Yes",486,440,227,19,48,903,59,3800,600,1300,46,65,11.4,29,10188,82
"184",8770,"Yes",516,409,200,17,40,1238,30,3500,450,700,58,58,17.3,17,6430,70
"185",15360,"Yes",1422,1109,366,33,65,1363,23,4080,600,1000,82,89,12.8,26,15003,59
"186",14190,"Yes",2417,1843,426,36,70,1476,299,4400,500,750,65,68,12.8,25,9815,81
"187",14990,"Yes",1457,1045,345,27,50,1109,502,4980,450,550,77,98,21.5,21,7502,64
"188",11800,"Yes",245,208,125,23,46,544,436,4765,450,1700,71,71,11.3,21,8952,86
"189",9100,"Yes",3624,2786,858,11,39,2933,334,3883,490,1777,70,74,18.9,34,6329,63
"190",7800,"Yes",3151,2584,958,14,40,4772,856,3750,570,3020,37,43,16.5,4,12878,44
"191",8578,"Yes",765,646,226,30,60,809,32,4408,700,1600,79,88,13.9,51,8061,82
"192",17600,"Yes",8506,4168,1236,76,97,5544,192,6000,600,870,97,98,5,28,28457,96
"193",5401,"No",1256,1256,853,43,79,3957,588,3144,450,1888,72,75,19.3,4,5527,50
"194",10485,"Yes",659,557,167,47,74,532,35,3840,475,1246,76,80,13.5,47,7527,67
"195",10955,"Yes",560,454,113,36,56,484,16,3450,330,670,62,87,10.6,31,9552,53
"196",6297,"No",1801,1101,438,14,50,3065,363,4600,600,1323,75,78,18.1,14,8355,68
"197",15000,"Yes",4784,3346,781,30,66,2984,1037,6200,700,1100,86,90,15.1,30,11220,94
"198",6806,"No",1455,1064,452,1,16,2632,617,2550,350,766,75,75,15.1,10,6972,24
"199",9400,"Yes",1339,1107,336,12,36,1051,82,4200,500,1600,53,58,12.5,9,7967,22
"200",5120,"Yes",1415,714,338,18,52,1345,44,3200,500,2140,52,60,18.1,9,3930,69
"201",13900,"Yes",1947,1580,523,39,74,1863,233,4140,750,1500,90,90,10.6,7,8923,57
"203",8025,"Yes",1381,1040,374,20,44,1506,970,4865,400,650,65,74,17.4,10,6339,68
"204",6680,"No",11651,8683,3023,50,90,18906,3242,4060,600,1020,80,89,23.1,15,7250,58
"205",8390,"Yes",291,245,126,16,49,981,337,4100,350,1500,45,55,21.5,24,4607,62
"206",14235,"Yes",4200,2874,942,30,55,4740,1646,6965,600,1735,86,97,14.4,14,10864,80
"207",6198,"No",3440,2823,1123,16,35,3793,486,3320,500,2500,89,97,19.1,6,4362,46
"209",9650,"Yes",553,452,228,22,49,1301,242,4400,600,1000,57,69,14.9,8,6336,83
"210",10390,"Yes",804,632,281,29,72,840,68,4040,525,1345,54,78,12.5,37,11751,60
"212",5500,"Yes",895,548,314,20,54,1174,50,3340,600,1600,68,76,16.1,13,6078,62
"213",9900,"Yes",346,274,146,51,87,704,63,3670,630,1818,59,59,10.5,14,8095,54
"214",13440,"Yes",2161,1951,685,56,82,2371,175,4048,600,1250,92,95,13.5,28,12940,82
"215",10970,"Yes",2464,1908,678,24,57,2693,691,4280,500,1380,47,51,13.3,18,7711,65
"216",8180,"Yes",1110,930,332,18,36,1603,374,4270,500,500,65,58,15.2,12,5664,29
"217",9476,"Yes",668,534,237,19,39,1306,258,4820,500,1100,67,67,20.1,26,6786,74
"218",12500,"Yes",809,726,294,27,52,1271,43,4130,400,1050,53,53,13.5,22,7136,52
"219",10800,"No",5653,4326,1727,17,29,9528,3822,4840,580,1050,93,96,19.3,7,6751,46
"220",17450,"Yes",7875,5062,1492,38,71,5471,1470,6328,700,950,92,93,7.6,15,14745,72
"221",8100,"Yes",727,693,286,30,55,1063,48,3950,550,550,73,76,13.3,28,7508,55
"222",18300,"Yes",11115,2881,1390,71,93,5881,406,7131,670,1700,91,92,7.2,27,19635,95
"223",6489,"No",7837,4527,2276,89,99,8528,654,4438,795,1164,92,92,19.3,33,11271,70
"224",6744,"No",3793,2341,1238,9,24,7732,9054,2655,720,3450,87,89,19,10,7762,34
"225",9150,"Yes",348,281,127,12,52,1095,785,3950,500,800,56,59,12.2,27,7348,76
"226",19964,"Yes",3596,2466,575,42,78,1944,46,4328,500,500,94,95,12.1,32,14720,83
"227",6120,"Yes",633,468,284,10,27,823,963,2985,531,1830,25,25,27.6,4,6081,36
"228",13000,"Yes",1886,1524,526,31,67,2523,296,4450,600,2400,78,90,14.7,32,9553,69
"229",12200,"Yes",674,565,282,25,54,1151,39,4070,400,1200,73,82,14.2,32,9226,66
"231",15588,"Yes",1151,813,248,40,64,850,80,6174,500,1200,78,90,9.2,34,16623,77
"232",8958,"Yes",548,428,167,18,46,618,113,3670,300,1000,53,59,15.3,26,9798,64
"233",9100,"Yes",555,414,242,14,41,996,2281,3100,550,880,51,61,23.6,24,5609,47
"234",6108,"No",5165,3887,1561,20,60,8234,2619,3800,500,1000,64,66,20.6,9,5063,57
"235",11750,"Yes",780,628,198,7,20,545,42,2700,400,850,77,83,14,24,6475,76
"236",8330,"Yes",608,494,176,10,31,649,314,3770,550,1300,64,80,13,31,7949,39
"237",10310,"Yes",510,387,194,20,46,771,53,4530,400,800,57,61,14.3,16,8222,60
"238",15688,"Yes",2039,1389,432,56,91,1333,30,4618,400,400,88,92,9.5,54,18979,83
"240",13404,"Yes",1202,1054,326,18,44,1410,299,5160,450,1050,78,86,15.6,30,9114,65
"242",11000,"Yes",380,237,104,30,56,716,1108,5550,500,500,36,41,7.8,22,7483,96
"243",19700,"Yes",3140,1783,454,40,82,1646,24,5050,300,800,91,96,9.6,60,17761,91
"244",13252,"Yes",1006,825,328,34,73,1362,102,4194,450,550,89,93,13,33,10296,65
"247",8200,"Yes",1006,837,317,33,65,1024,15,3485,500,1200,84,84,10.6,26,9248,64
"248",6300,"Yes",467,424,350,16,40,1365,334,2980,700,2140,75,79,13.7,10,7054,38
"249",5504,"Yes",1721,1068,806,35,75,3128,213,3528,700,910,71,77,17.7,37,6466,73
"250",17480,"Yes",2083,1725,430,22,49,1464,67,4780,500,700,75,87,12.3,32,11625,73
"251",18485,"Yes",13865,2165,1606,90,100,6862,320,6410,500,1920,97,97,9.9,52,37219,100
"252",17230,"Yes",1377,572,178,95,100,654,5,6690,700,900,100,100,8.2,46,21569,100
"253",9376,"Yes",817,708,262,22,52,935,37,3272,500,1902,57,63,13,17,7335,52
"254",8800,"Yes",823,721,274,52,87,954,6,3195,500,1200,82,99,13.1,26,8588,63
"255",11090,"Yes",920,745,347,35,66,1133,42,4700,400,750,80,80,12,31,12639,79
"256",14067,"Yes",922,729,244,37,66,1000,275,4560,400,1000,75,95,10.6,34,12165,79
"257",19029,"Yes",2688,2081,500,25,53,1792,5,5841,600,600,99,99,12.1,37,13040,79
"258",11600,"Yes",7428,5860,1349,25,63,6534,1350,5920,1000,1000,81,90,13.9,10,10093,60
"259",13470,"Yes",602,498,215,26,58,795,74,5515,500,850,78,91,11.1,48,13957,72
"260",13960,"Yes",699,565,176,36,64,710,399,6040,450,690,82,88,14.4,34,12434,72
"261",12275,"Yes",1712,1483,624,37,69,2505,208,4341,465,1100,72,81,12.5,40,9284,72
"262",9990,"Yes",949,786,302,30,70,1210,26,3550,500,1500,85,90,15,24,8187,67
"263",8080,"Yes",608,520,127,26,47,538,126,3920,500,1100,63,72,11.4,9,7703,44
"264",9950,"Yes",450,430,125,20,46,488,43,3920,300,1300,76,76,11.8,25,9466,47
"265",7260,"Yes",600,197,124,3,9,392,69,3090,600,1840,31,35,12.9,4,9249,21
"266",7800,"Yes",723,652,361,10,30,951,706,4000,350,1500,36,44,22,4,4923,84
"267",10500,"Yes",607,558,269,22,47,1222,519,4348,650,1500,81,91,11.6,29,8324,75
"269",14550,"Yes",1756,1360,478,42,77,1911,626,4620,500,700,80,88,12.3,26,12851,56
"270",7799,"No",8681,6695,2408,10,35,15701,1823,3403,537,2605,77,84,21,16,5569,54
"271",14360,"Yes",3050,1342,471,55,86,1818,23,4090,400,650,77,92,12.9,34,9605,83
"273",8840,"Yes",1163,927,386,16,49,1685,556,4689,750,2775,67,69,11.4,21,6095,95
"274",6892,"No",5659,4761,3147,10,31,8596,1949,3706,600,2500,72,76,16.6,8,6996,40
"275",9766,"No",16587,13243,5873,25,72,24763,2717,3990,600,2000,77,88,21.3,24,8686,68
"277",10690,"Yes",4892,3530,913,13,33,3906,1446,6790,570,1150,66,83,16,14,8107,66
"278",7550,"No",8427,7424,3441,26,59,18676,1715,3224,640,2055,81,88,19.2,22,8420,65
"279",14424,"Yes",7259,5526,1368,23,52,5612,166,6192,634,1000,58,79,11.5,25,9812,75
"280",7994,"No",11223,5285,2082,32,72,9652,742,4544,500,732,77,81,17.9,29,5212,98
"281",7620,"Yes",472,410,262,14,41,9950,71,3050,400,400,51,53,17,21,3186,54
"282",3946,"No",2957,1423,691,10,30,3817,1394,4800,400,1500,63,67,14.9,10,8367,26
"283",6398,"Yes",605,405,284,24,53,961,99,3672,400,1350,68,68,13.3,19,8118,75
"284",11700,"Yes",2421,2109,820,27,57,3168,392,5550,600,450,89,90,14.5,28,7738,89
"286",7656,"No",833,669,279,3,13,1224,345,4690,500,624,80,91,14.4,15,6564,36
"288",14850,"Yes",1005,859,298,36,55,1075,43,4460,450,420,97,97,12.7,37,12067,80
"290",8400,"Yes",589,575,148,16,40,474,258,3250,500,1400,63,55,12.4,14,6535,68
"291",7870,"No",3121,2446,822,5,19,3480,776,4157,500,1150,73,73,16.1,13,6195,61
"292",8000,"Yes",584,497,175,20,49,662,121,4150,500,1300,57,65,11.3,32,7058,62
"293",19240,"Yes",2212,1538,408,44,75,1445,1,3690,750,480,95,95,11.1,46,14067,88
"294",9600,"Yes",461,381,174,10,43,738,55,4550,600,750,55,94,13.3,43,7863,51
"295",10910,"Yes",1456,1053,381,20,45,500,541,5160,400,1795,66,72,15.6,37,7649,87
"296",8664,"Yes",355,300,142,34,65,509,44,3350,600,3000,65,68,10.7,25,8954,65
"297",15747,"Yes",1040,845,286,48,77,967,24,4062,400,800,88,95,12.7,33,13224,79
"298",8842,"Yes",361,321,185,10,41,650,819,4782,600,1100,57,73,14.2,14,7022,52
"299",12600,"Yes",2929,1834,622,20,56,2738,1662,5610,450,3160,90,90,15.1,9,9084,84
"300",18730,"Yes",4010,2402,572,36,59,2018,226,5740,600,1000,93,96,10.5,38,15365,92
"302",16880,"Yes",979,638,271,31,70,968,20,3970,920,1320,91,94,10.7,19,15687,77
"303",9400,"Yes",497,452,231,24,47,887,1957,4005,500,1000,49,65,17.2,25,4054,57
"304",4752,"No",2336,1725,1043,10,27,5438,4058,3040,508,1463,48,82,18.4,12,5879,26
"305",5170,"Yes",831,538,224,15,35,840,325,3430,600,1590,61,61,16.1,10,5531,60
"306",4938,"No",1166,1009,510,9,33,2074,341,2987,528,1702,67,77,17,11,6119,51
"307",17163,"Yes",1243,947,324,50,77,1129,74,3891,525,975,76,92,10.1,57,13965,77
"308",11040,"Yes",1470,1199,425,21,76,1820,558,4840,400,900,89,92,13.3,28,8118,94
"309",13850,"Yes",1386,1060,320,28,56,965,502,4755,400,1125,84,84,12.3,30,8196,85
"310",18700,"Yes",6397,4304,1092,40,84,4298,132,5580,750,1130,96,99,12.5,43,14665,91
"311",10100,"Yes",979,743,259,25,46,1188,166,4000,400,1000,88,92,12,20,8539,66
"312",11700,"Yes",244,198,82,12,33,1134,336,5300,550,805,71,88,27.8,18,8694,58
"313",8840,"Yes",477,417,204,29,54,1532,77,4240,600,1400,58,70,20.8,23,6863,56
"314",15800,"Yes",2774,2092,482,35,64,1763,59,4790,450,950,97,98,12.3,21,12999,69
"315",10560,"Yes",1154,1050,395,12,31,2192,1423,4520,500,1200,36,48,14.3,10,7701,61
"316",5950,"Yes",787,562,363,21,55,925,605,2890,600,1300,67,72,14.6,35,5177,53
"317",4818,"No",1660,1091,326,15,41,1196,33,3400,350,1400,71,72,12.6,8,10912,45
"318",9200,"Yes",810,484,356,6,33,2155,191,4800,1000,4200,65,85,24.1,9,3480,100
"319",13380,"Yes",1561,1188,458,48,72,1548,840,4210,500,900,89,91,17.8,34,8747,81
"320",4400,"Yes",900,473,217,22,47,621,11,3400,800,900,53,93,10.4,16,9268,92
"321",7352,"No",3570,2215,651,17,41,3390,325,3620,225,500,47,55,16.1,14,6374,63
"323",11200,"Yes",1641,1283,527,20,39,1663,170,4000,500,1200,61,62,14.2,24,7578,70
"324",5150,"Yes",2013,1053,212,33,61,912,158,3036,500,1655,64,74,10.5,11,7547,59
"325",5925,"No",5996,4993,3079,29,57,16269,3757,2980,600,2242,83,87,15.9,11,6741,37
"326",3957,"No",2397,2144,1525,22,45,6720,1822,2325,618,1656,66,77,20,13,4546,45
"327",12990,"Yes",4076,3137,738,25,54,3010,184,6300,600,900,86,88,14.7,27,9448,80
"328",13592,"Yes",3768,2662,753,42,64,3558,436,5916,545,1328,84,88,14.2,10,11677,84
"329",11100,"Yes",1891,1698,719,24,80,2740,761,5870,600,750,77,88,11.7,14,9456,53
"331",13240,"Yes",1549,1392,587,38,72,2269,85,3560,600,400,73,85,13.8,38,8949,77
"332",13900,"Yes",1286,1005,363,16,37,1363,74,4300,500,900,75,81,14,32,8024,72
"333",12450,"Yes",1756,1500,366,3,21,1524,280,5400,450,870,62,66,12.4,24,8832,70
"334",7320,"No",535,502,223,6,20,959,150,4640,500,600,48,65,12.6,15,7114,51
"335",15909,"Yes",2939,1496,452,56,86,1723,113,4772,500,700,85,91,11.9,37,14213,77
"336",9620,"Yes",740,558,177,12,29,628,63,3750,550,950,49,55,10.8,33,10642,59
"337",9858,"Yes",874,758,428,21,46,1605,246,3700,450,1200,42,45,17.6,16,4796,55
"338",10440,"Yes",1004,802,239,23,63,909,51,3850,525,1450,63,72,11.8,20,7940,64
"339",12370,"Yes",2432,1730,563,20,63,2578,254,6800,500,1800,92,92,13.6,25,10062,79
"340",14700,"Yes",962,750,212,21,54,830,150,6550,450,400,97,97,11.3,24,11291,70
"341",4300,"No",3073,2672,1547,9,29,9649,1792,2643,450,1660,57,68,19,11,5801,68
"342",9400,"Yes",824,670,337,15,41,1160,653,3400,500,1100,37,37,8.4,21,5352,59
"343",13850,"Yes",1611,960,342,27,60,1089,210,3920,470,810,80,97,13.2,30,10223,96
"345",11610,"Yes",5152,4600,1685,36,71,7016,804,4760,600,1950,86,94,13.5,25,9982,77
"346",5094,"Yes",4226,3666,2007,14,60,7703,2339,4010,700,1560,77,86,16.6,10,6203,50
"347",11200,"Yes",499,441,199,26,52,846,377,7400,600,1300,66,79,6.8,50,10819,90
"349",11510,"Yes",478,327,117,9,34,731,370,6450,575,1075,71,93,10.3,30,10502,77
"350",10200,"Yes",695,535,239,21,30,988,785,7000,350,1100,63,76,11.7,20,10622,68
"351",11390,"Yes",941,772,214,10,30,1247,776,5280,500,750,77,82,10.6,17,8575,55
"352",11200,"Yes",1464,888,176,26,52,624,128,4208,500,1642,80,90,11.1,43,8317,51
"353",9250,"Yes",549,397,169,26,51,1343,1751,4550,425,1350,52,58,13.1,13,5925,61
"354",11040,"Yes",1107,859,323,13,51,1452,402,4500,600,700,65,76,11.8,30,9034,66
"356",4486,"No",233,233,153,5,12,658,58,2516,600,1900,68,68,15.7,11,6971,51
"357",7680,"Yes",1002,555,119,16,43,836,684,3740,500,800,70,74,17.7,21,6652,52
"359",7950,"Yes",420,293,93,11,32,336,80,3750,600,2740,54,54,9.8,45,9754,48
"360",11985,"Yes",2286,1668,564,37,70,2943,1260,4081,400,1500,93,95,9.2,15,8995,91
"361",9813,"Yes",1557,1074,397,15,40,1805,433,4050,425,1000,45,63,16.7,29,7307,78
"363",12500,"Yes",1981,1541,514,18,36,1927,1084,6200,375,1000,73,75,16.8,22,8707,80
"364",5016,"No",1584,1456,891,6,18,3471,911,3798,540,2256,48,48,28.8,12,3871,59
"365",10300,"Yes",1742,1382,607,30,64,2258,53,5080,475,1200,68,75,14.1,30,7762,89
"366",8856,"No",9239,7788,3290,35,39,13606,807,3960,500,1382,81,89,17.6,20,7846,85
"368",8127,"No",2618,2288,1032,42,77,5524,414,3978,900,1200,82,82,17,25,7473,65
"369",6840,"Yes",331,331,225,15,36,1100,166,3720,1100,4913,33,33,15.4,20,5524,49
"370",7844,"No",6011,3075,960,22,60,5146,1532,3830,450,1258,72,74,16.8,20,7832,71
"371",8200,"Yes",610,461,189,26,52,685,49,3300,550,1000,63,69,12,16,8128,64
"372",11910,"Yes",1444,1261,456,29,62,1788,95,4378,450,965,60,77,11.4,25,8149,75
"373",11320,"Yes",905,834,319,32,61,1073,179,4402,550,1350,82,89,12.7,38,11218,58
"374",11505,"Yes",1217,1088,496,36,69,1773,884,3255,1000,2075,35,46,16.7,23,7140,67
"376",9866,"No",4255,3277,1609,18,57,10094,1621,3084,480,1479,77,77,15.9,20,6223,53
"377",4386,"No",480,405,380,19,46,1673,1014,2217,600,1500,49,54,15.8,8,5704,63
"378",3840,"No",1576,1326,913,13,50,3689,2200,2852,200,400,52,54,20.3,9,4172,100
"380",13000,"Yes",601,503,204,28,57,671,11,4100,400,460,91,91,11.6,43,11087,56
"381",12480,"Yes",2707,1881,478,14,34,1893,847,5290,530,1740,70,85,14.2,15,9492,54
"382",6073,"No",572,544,320,45,72,1470,416,3400,550,1400,71,71,16.4,31,6112,74
"383",5552,"No",3500,2836,1779,15,42,8730,993,3710,550,2300,75,83,17.6,8,6324,37
"384",3648,"No",5220,2128,865,19,53,6411,3186,4834,700,950,82,87,21.5,9,6717,58
"385",8438,"Yes",263,223,103,10,24,316,20,3372,500,2958,42,50,11.1,4,11989,15
"386",4426,"No",2442,2164,1189,12,37,5983,1075,2664,600,1000,76,81,18.1,19,4795,60
"387",14990,"Yes",1232,955,303,23,58,1241,485,4730,550,1250,86,92,15.2,28,9566,74
"389",10520,"Yes",586,533,239,16,36,950,228,3678,500,1000,48,68,13,32,8111,56
"390",4515,"Yes",882,730,330,2,13,926,12,2550,850,2100,53,60,18.6,34,6990,60
"392",6844,"Yes",279,276,126,17,37,600,435,2980,500,500,45,55,11.7,38,5073,44
"393",8950,"Yes",235,217,121,12,32,931,487,3119,550,1125,51,51,10.7,26,7016,78
"394",10500,"Yes",368,317,159,20,49,806,542,3555,500,2285,44,50,11.3,30,6695,64
"395",9900,"Yes",325,284,95,16,33,364,88,3650,500,1200,32,37,13.6,43,6525,21
"397",7470,"Yes",1170,695,238,14,48,1170,429,4600,250,1400,74,75,15.3,23,6898,88
"398",12474,"Yes",657,537,113,37,90,1039,466,5678,630,1278,53,71,11.9,19,10613,72
"399",12250,"Yes",1310,1086,458,26,61,1365,144,3530,400,1150,85,87,16.7,35,7215,81
"400",7400,"Yes",510,485,334,18,36,1114,94,3346,600,600,57,57,19.8,7,6869,58
"401",16975,"Yes",2519,1836,462,30,61,1656,352,4565,600,850,76,86,12.8,39,10888,83
"402",4738,"No",2225,1910,1190,29,55,5968,955,3110,700,940,72,76,20.2,27,5972,52
"404",9090,"Yes",513,347,279,23,48,2508,505,4500,650,500,62,65,18.3,2,7905,71
"405",10850,"Yes",947,798,266,36,68,1274,471,5150,550,800,77,93,13.6,24,8797,61
"407",5376,"No",787,601,233,40,73,1017,411,3214,600,1100,99,100,13.7,11,9241,34
"408",17748,"Yes",13594,7244,2505,70,86,12408,2814,7262,450,1000,87,98,7.8,16,21227,71
"409",10194,"Yes",872,722,154,14,36,601,36,2600,500,1500,57,63,11.4,32,5788,83
"410",10320,"Yes",2220,1796,467,65,99,1919,334,4762,450,650,68,100,14.2,20,7788,65
"411",5542,"No",1563,1005,240,1,19,1380,136,4330,500,1000,65,71,14.2,17,6562,57
"412",6806,"No",4809,3089,1429,12,33,6162,871,1780,600,1651,72,72,16.7,9,7090,44
"413",8400,"No",10634,7064,3176,39,78,16505,5481,6540,600,1300,92,98,17.5,21,9670,62
"415",11718,"Yes",1127,884,308,30,64,1310,766,7398,450,1800,73,87,16.4,33,8871,76
"416",5834,"No",2968,2297,1610,13,47,7368,1128,2744,600,2000,79,83,17,24,6310,42
"417",12580,"Yes",465,361,176,19,39,879,156,4345,400,970,76,79,13.1,24,10889,74
"418",4856,"No",6040,4577,1620,36,72,5640,266,3416,400,1100,69,72,15.7,13,6601,76
"419",13380,"Yes",11901,8492,2517,16,42,11160,10221,7425,600,1750,73,82,12.9,17,9563,46
"421",7799,"No",10706,7219,2397,12,37,14826,1979,3296,470,1750,73,78,17.3,11,6086,56
"422",3735,"No",2729,2535,1257,8,29,4787,472,3136,250,1630,62,65,21.7,23,5284,54
"423",9840,"Yes",616,514,385,29,52,1115,60,2820,450,822,59,59,14.8,20,6261,58
"424",9900,"Yes",860,811,366,22,56,1040,52,3075,300,1800,68,68,14.9,34,6357,68
"426",14134,"Yes",1743,1625,626,8,29,1862,382,5270,500,800,71,74,13.1,22,9209,63
"427",9990,"Yes",379,324,107,15,37,500,311,4900,400,600,44,47,12.1,26,4948,33
"428",9114,"No",3041,2581,1173,16,56,6441,3982,4030,400,650,88,90,19.7,13,6637,53
"429",19670,"Yes",4778,2767,678,50,89,2587,120,5820,575,1119,77,96,10.1,47,16593,83
"430",16560,"Yes",2324,1319,370,52,81,1686,35,5140,558,1152,91,93,10.5,30,16196,79
"432",15990,"Yes",2936,2342,669,35,62,2502,66,4080,600,825,73,78,14.5,31,9979,83
"433",7629,"No",11023,8298,3183,21,54,14861,1310,4095,550,2300,79,87,20.4,13,8811,64
"434",16732,"Yes",2190,1700,458,36,65,1780,48,5650,550,550,93,93,12.1,32,12011,75
"435",5390,"Yes",758,681,484,35,59,1707,705,3140,515,1290,63,71,15.1,18,5511,50
"437",5336,"No",4522,3913,2181,29,57,12830,1658,3344,800,3100,84,92,15.3,14,6433,48
"438",12888,"Yes",1496,1205,428,26,57,1648,936,4440,420,840,62,68,13.9,30,8802,87
"439",6530,"Yes",910,773,450,31,73,1310,61,2800,500,1500,63,67,13.3,10,6413,65
"440",8530,"Yes",2308,1336,295,22,46,1202,942,3644,616,1576,56,64,14.9,25,7114,37
"441",11000,"Yes",8256,3750,1522,37,70,5809,4379,5160,660,1115,90,95,13.8,10,10059,62
"442",13312,"Yes",1603,1392,504,31,68,2580,302,4488,600,1516,78,78,11,23,9431,83
"443",11925,"Yes",940,668,385,20,48,1316,139,3825,630,1926,48,87,12.3,12,9157,69
"444",14210,"Yes",943,849,288,41,71,1041,35,3994,450,1100,76,76,10.9,22,11216,42
"445",6360,"No",944,774,440,14,34,2174,529,2760,550,1498,77,77,15,5,6443,48
"446",10645,"No",19315,10344,3450,48,93,28938,2025,4060,512,2394,77,96,18.1,19,8992,63
"447",18200,"Yes",3821,2037,680,86,96,2488,625,6770,500,700,95,98,11.6,13,16185,66
"449",8640,"Yes",838,651,159,11,25,654,162,3700,400,1915,62,62,12.2,13,7634,48
"450",11690,"Yes",1538,1259,468,19,42,1664,1042,5062,600,1664,48,80,12.9,15,8028,68
"451",10500,"Yes",692,576,174,19,50,597,83,3860,600,940,58,64,11.6,19,8990,39
"452",5640,"Yes",663,562,127,20,40,641,63,3620,600,750,89,89,13.2,17,7309,31
"453",6000,"Yes",404,400,169,28,48,797,100,3000,500,500,48,57,13.4,14,5557,61
"455",10178,"Yes",809,687,428,20,43,1889,217,4190,800,750,71,71,16.1,19,7895,54
"456",9700,"Yes",875,744,207,7,38,1173,1402,4830,400,1200,45,90,14.5,10,7652,66
"457",16200,"Yes",1132,847,302,58,89,1379,214,4200,436,2486,90,90,10.4,14,14329,62
"458",4290,"No",2405,2234,1061,10,22,4564,448,3500,598,1582,55,93,19.4,1,5967,35
"459",11859,"Yes",1082,832,302,34,63,1133,30,3635,554,1429,80,85,13.4,42,8354,85
"460",19900,"Yes",13218,2042,1153,90,98,4540,146,5910,675,1575,91,96,8.4,54,28320,99
"461",14400,"Yes",5139,3346,973,20,55,3717,1358,6200,450,1100,66,74,18.4,35,8135,96
"462",9556,"No",21804,18744,5874,29,60,26213,4065,3990,570,1060,86,86,18.2,15,8604,67
"463",11020,"Yes",516,392,154,32,62,630,549,4970,610,1900,73,75,14,36,9315,58
"464",10100,"Yes",1025,707,297,22,66,1070,72,4140,450,1080,69,71,16.3,32,6880,80
"465",12030,"Yes",3712,2153,806,17,45,2677,714,6140,1000,500,63,73,12,33,8847,86
"466",6684,"No",5702,4894,1742,15,37,8077,472,4110,500,900,73,83,19.6,9,4519,62
"467",4449,"No",2088,957,362,6,29,2745,1938,4860,600,1655,74,95,17.8,8,7333,47
"469",13970,"Yes",696,616,169,35,66,653,56,6110,370,920,88,97,9.2,24,16358,68
"470",19960,"Yes",1966,1436,327,47,80,1199,61,5490,500,450,90,90,11.8,37,15886,68
"471",12700,"Yes",427,385,143,18,38,581,533,5800,450,700,81,85,10.3,37,11758,84
"472",17475,"Yes",4996,4165,936,53,82,4291,16,5976,1230,1100,94,98,15.4,21,15605,70
"473",15200,"Yes",2302,1831,391,58,82,1345,59,4768,550,1500,90,96,10.8,47,13388,77
"474",13250,"Yes",3586,2424,730,16,31,2748,1309,5420,700,3100,84,92,12.3,23,11299,70
"475",15200,"Yes",587,501,211,28,52,735,28,4100,350,650,87,90,9.4,49,12472,64
"476",9870,"Yes",484,386,141,6,28,590,1196,4860,600,1100,59,59,12.2,19,6744,81
"477",13425,"Yes",2227,1790,437,27,54,1460,239,4425,450,1200,85,89,13,26,9405,72
"478",9490,"Yes",935,858,345,22,50,1127,754,4100,500,1500,60,79,10.7,21,7519,79
"479",8734,"Yes",560,392,270,11,31,743,118,3362,600,625,56,78,11.3,27,6422,68
"480",12520,"Yes",3304,2804,679,10,20,2111,1489,6050,500,730,44,54,16.4,8,7957,61
"481",16425,"Yes",1777,1151,382,31,55,1668,1052,5220,955,750,81,85,13.3,23,11561,90
"483",4356,"No",3820,1431,695,21,70,5303,3942,4830,800,800,76,81,22.1,6,7252,51
"484",7410,"No",48094,26330,4520,36,79,21401,3712,4748,690,2009,90,95,19.5,19,10474,77
"487",11070,"Yes",2307,1896,509,19,51,1707,1889,5780,400,600,71,73,14.8,16,7120,82
"488",10450,"Yes",897,718,276,12,48,1345,390,4020,500,1500,56,56,14.1,16,7444,70
"489",12950,"Yes",2095,1553,514,15,40,1873,94,5400,450,1120,70,82,14.5,29,6719,97
"490",4259,"No",3971,3306,1921,10,34,11493,2206,2625,350,1884,70,75,18.9,10,4629,58
"491",8670,"Yes",213,166,85,13,36,513,247,3820,450,1000,43,78,12.5,4,7440,48
"492",10880,"Yes",1046,824,284,21,45,1223,451,5050,400,1235,64,64,19.3,24,7344,69
"493",12247,"Yes",933,800,444,18,45,1691,72,4081,500,600,76,85,12,38,9853,70
"495",9985,"Yes",833,682,217,12,33,716,2196,5180,500,800,53,89,27.2,8,4322,85
"496",12750,"Yes",2519,2003,776,39,71,2473,1314,6350,350,1690,84,90,17.4,13,8243,83
"497",12200,"Yes",292,241,96,20,52,543,712,4600,650,950,87,90,11.2,32,8680,76
"498",11690,"Yes",3294,2855,956,44,67,4576,1140,4730,800,6800,84,94,4.6,19,18367,67
"499",12730,"Yes",888,734,393,26,60,1433,27,4514,500,1525,74,95,9.9,31,11165,98
"501",10300,"Yes",150,130,88,23,50,341,768,4130,500,1700,44,58,10.2,37,9678,75
"502",13030,"Yes",1910,1380,463,16,64,1715,106,5860,500,750,79,88,14.5,34,10190,84
"503",14350,"Yes",2248,1673,745,38,73,2888,105,3750,550,550,82,88,10,31,12502,83
"504",9408,"Yes",1606,1413,530,23,38,1921,1154,5520,500,450,78,78,12.1,22,7669,53
"505",10850,"Yes",700,595,278,19,35,1035,182,3936,500,900,62,64,12.3,31,8534,88
"506",10860,"Yes",785,647,295,15,65,1670,726,4624,600,794,87,100,13.7,15,8953,55
"507",10575,"Yes",489,384,120,23,52,700,45,3952,400,620,46,24,13,9,8946,98
"508",10475,"Yes",335,284,132,28,69,534,216,6300,500,2000,68,68,11.2,46,9599,60
"509",5130,"No",4216,2290,736,20,52,4296,1027,4690,600,1450,73,75,17.9,18,5125,56
"510",8236,"Yes",1680,1395,691,34,76,2959,402,3700,569,1650,74,75,14.7,17,9533,61
"511",8384,"No",9402,7020,2151,20,70,16407,5550,5110,612,2400,87,93,19.5,7,7930,41
"512",13584,"Yes",4019,2779,888,40,73,3891,128,5928,630,1278,88,92,13.9,19,10872,100
"513",19300,"Yes",1380,768,263,57,82,1000,105,6694,600,700,89,93,6.1,18,14779,83
"514",8325,"Yes",1109,688,386,20,65,1897,208,5000,1200,1600,14,98,16.1,26,6874,55
"515",8955,"Yes",584,413,131,19,51,521,99,5900,500,1488,51,56,11.8,23,8545,52
"516",17238,"Yes",855,632,139,60,83,569,7,7350,600,800,95,100,8.2,41,18372,73
"517",12669,"Yes",1183,1016,411,42,82,1922,704,4875,600,1250,83,85,16.8,20,10368,66
"519",12000,"Yes",4576,3565,1000,16,36,4384,1530,6484,650,1000,81,84,14.4,15,10080,64
"520",11240,"Yes",936,794,197,24,56,752,210,4180,350,2000,71,71,11.2,37,10065,71
"522",7210,"Yes",540,445,165,23,70,1115,111,3600,500,2000,62,65,13.2,18,7356,58
"525",16160,"Yes",1003,782,295,23,53,1144,160,6950,500,1200,74,81,8.9,33,14086,79
"526",11250,"Yes",1016,872,300,27,57,1116,602,4980,550,1400,66,73,15.8,36,7411,70
"528",18710,"Yes",4293,2728,591,25,62,2322,263,5970,500,700,87,92,12.7,29,14837,81
"529",18820,"Yes",2925,1598,632,51,88,2479,95,6390,500,1050,85,97,10.3,44,21199,90
"530",3811,"No",2807,2589,1701,13,37,7000,1103,2190,500,1970,62,65,15,29,5084,67
"531",4680,"No",2281,1870,1408,18,43,6553,1246,3540,200,2150,75,76,17.1,8,5916,45
"532",3738,"No",818,700,447,20,50,2962,651,2619,450,1022,55,59,19.6,9,4444,53
"533",9520,"Yes",385,340,193,18,38,784,127,4124,630,1818,63,65,18.6,11,8219,43
"534",5472,"No",2540,2195,994,13,40,6063,2550,3598,221,2216,76,81,16.5,8,7498,43
"536",7070,"Yes",1093,1093,642,12,32,1770,967,2500,400,1000,52,54,15.9,13,4718,71
"537",4740,"No",6118,5254,3204,15,37,13131,3374,2590,500,1360,70,75,19.9,11,4632,56
"538",4285,"No",1047,938,511,13,33,2091,546,2750,600,1800,58,75,16.5,31,6591,51
"539",7536,"Yes",321,318,172,11,27,620,280,3736,430,1651,44,77,13,12,5309,36
"540",7200,"Yes",213,155,75,28,66,504,147,3532,550,1500,56,56,11.8,12,7818,52
"541",11850,"Yes",1244,912,352,44,77,1177,43,4675,600,1050,83,89,11.3,35,12995,67
"542",8400,"Yes",283,201,97,10,45,589,263,2800,600,900,50,56,10.6,40,6860,89
"543",7000,"Yes",3713,1237,443,47,83,1971,107,5565,660,2400,73,80,12.5,18,9988,65
"544",8600,"Yes",372,362,181,15,32,1501,353,3550,385,665,48,48,15.4,9,10938,49
"546",16150,"Yes",323,278,122,31,51,393,4,5450,275,800,63,72,7.2,26,15622,64
"547",10570,"Yes",1368,1064,354,19,51,1687,677,5600,400,800,86,81,14.5,29,7908,66
"548",18720,"Yes",2753,1820,505,31,56,1801,45,5730,650,825,90,94,11.5,38,14980,85
"549",11550,"Yes",191,165,63,5,25,494,574,4270,300,500,43,77,14.5,8,9209,40
"550",13332,"Yes",2643,1611,465,36,80,2615,248,6354,630,1584,88,89,16.1,17,9619,78
"552",8678,"Yes",1243,1020,414,33,60,2149,418,3858,700,1736,82,83,16.2,7,7651,72
"553",12140,"Yes",1334,1243,568,30,56,1946,95,4450,425,1100,74,78,15.1,36,8595,88
"554",5000,"Yes",651,581,243,8,17,617,34,3650,600,600,45,45,14,8,8426,45
"555",8650,"Yes",861,609,215,10,27,1117,815,5700,500,1750,69,73,16.1,13,6534,67
"556",13900,"Yes",450,405,194,17,34,614,388,5200,450,2150,46,63,10.9,17,9995,59
"557",12315,"Yes",1557,1227,489,37,69,1964,81,4565,600,1365,85,90,12.5,24,10307,73
"558",16900,"Yes",1768,1249,380,51,93,1263,11,5680,450,750,89,89,19,33,12837,79
"559",3040,"No",4019,1579,710,23,65,4365,765,4351,711,1125,78,92,19.5,7,5599,64
"560",12170,"Yes",3646,2300,585,25,69,2022,926,6172,480,800,79,79,13,30,7495,97
"561",6550,"No",13528,9198,1843,16,61,10168,1231,4355,700,1560,93,96,17.4,16,9075,74
"562",6550,"No",14463,6166,1757,60,94,8544,671,4598,700,1000,83,100,18,15,8055,80
"563",6550,"No",15039,9649,3087,36,100,13963,3124,4731,708,957,90,97,13.6,15,11177,56
"564",6550,"No",12512,6969,1724,27,66,9744,1351,4712,600,1200,91,96,10.5,7,13705,57
"565",6550,"No",7294,3564,904,7,34,5758,1363,4460,500,705,79,83,19,14,6632,49
"566",6550,"No",8000,4556,1464,17,70,6943,869,4810,500,1500,69,85,22,21,5280,63
"567",6550,"No",5318,3515,1025,8,29,7626,2091,4040,550,1230,71,78,18.7,12,7511,42
"568",6550,"No",7888,3519,1036,6,40,5011,346,4680,630,1274,82,85,17.8,17,5563,53
"569",6550,"No",4877,2798,814,13,48,4123,298,4420,620,1481,82,90,16.3,10,6442,66
"570",6550,"No",8598,4562,1143,56,93,5060,146,4170,600,650,79,84,19.1,25,5716,76
"571",6550,"No",8399,3609,656,19,53,4658,1478,4240,550,1500,85,93,15.3,8,6608,53
"572",6550,"No",5549,3583,853,9,40,5004,475,4176,600,1380,80,90,17.9,16,6174,65
"574",6550,"No",2119,1264,390,5,33,2478,1441,4760,1125,1362,80,100,14.9,8,8170,46
"575",16130,"Yes",2096,1512,465,27,59,1442,166,4710,400,800,83,86,13.9,37,10554,90
"576",14500,"Yes",462,402,146,36,68,527,41,6000,500,600,91,99,6.5,48,18953,61
"577",15150,"Yes",10477,7260,2442,28,67,10142,117,6870,635,960,73,84,11.3,13,14231,67
"578",7850,"Yes",257,183,109,19,41,396,38,3410,400,1500,55,70,10,15,7233,53
"579",5666,"Yes",4414,1500,335,30,60,908,119,2964,1000,1400,56,58,15.5,7,5970,46
"580",10965,"Yes",1769,1092,437,41,80,1757,81,4000,450,1250,60,61,14.2,32,8294,98
"581",7070,"Yes",232,182,99,7,29,402,237,3640,400,3158,59,65,8.9,16,6286,36
"582",5130,"No",14474,10519,6392,49,85,31643,2798,3412,600,2144,89,91,23.1,29,8471,69
"583",4860,"No",529,481,243,22,47,1206,134,3122,600,650,103,88,17.4,16,6415,43
"584",8490,"Yes",4095,3079,1195,33,64,5064,660,3320,650,2400,81,93,14.8,23,9158,64
"585",7850,"Yes",497,423,215,27,57,895,429,3410,490,1700,54,58,13.8,24,7002,50
"587",6400,"Yes",592,501,279,19,44,1204,392,3484,600,1800,80,83,14.5,10,7936,43
"588",7070,"No",1500,1242,611,12,36,2024,292,2439,400,779,95,94,17.1,17,7744,84
"590",7600,"Yes",845,734,254,5,21,662,351,3800,600,1200,59,74,19,40,5096,39
"591",10900,"Yes",759,729,244,57,81,867,51,4450,500,1000,81,91,12.1,41,10219,70
"592",5391,"No",5042,2312,944,55,94,5167,902,5411,700,1000,81,87,14.4,6,8504,81
"593",9456,"Yes",1262,1102,276,14,40,978,98,4350,468,1323,53,53,12.8,24,7603,65
"594",18810,"Yes",3058,1798,478,46,84,1737,244,5690,500,680,91,96,10.4,48,18034,91
"595",11412,"Yes",247,189,100,19,49,309,639,6430,500,900,89,93,8.3,37,11806,96
"597",12240,"Yes",2425,1818,601,62,93,2110,95,5150,500,490,94,96,9.6,20,14703,93
"599",7700,"Yes",626,372,145,12,34,983,40,3400,450,800,70,70,21.9,28,4933,52
"600",6735,"Yes",2267,1827,611,20,59,2825,144,3395,600,1425,70,74,12.2,7,10872,65
"601",7800,"Yes",484,384,177,9,45,634,78,2950,500,600,60,88,14.1,9,6864,64
"602",18732,"Yes",3495,1712,528,49,84,1915,123,6204,450,1024,94,96,11.5,49,15411,88
"603",6874,"No",4800,2900,1515,14,48,7764,1472,2394,518,1890,73,78,19.2,14,5901,56
"604",4440,"No",1797,1260,938,24,35,6960,4698,5175,750,2200,96,96,6.7,16,16352,33
"605",5028,"No",3235,3108,2133,25,65,9978,1530,3300,500,2000,73,89,14.8,10,6820,39
"606",11648,"No",19873,8252,3215,95,100,19532,2061,6246,636,1933,93,97,15.8,10,13919,78
"607",12024,"No",15698,10775,2478,85,100,12677,864,5302,790,1818,96,96,16.1,11,15934,66
"608",6618,"No",6986,2959,1918,25,60,12330,7152,4234,700,1600,80,98,22.2,9,6742,46
"609",9500,"Yes",682,535,204,22,43,771,611,3540,400,750,26,58,2.5,10,7683,57
"610",18930,"Yes",6348,2999,922,68,94,3340,39,6380,500,1254,99,99,5.3,36,36854,90
"611",8907,"No",6855,5553,2408,26,57,11036,2011,4697,556,1851,89,95,10.8,6,13889,54
"612",11656,"No",9735,7187,2064,23,63,12478,1660,5072,700,2300,89,95,16,16,10178,71
"613",10760,"Yes",681,588,246,44,74,1058,73,6230,500,1200,85,93,13.4,26,8731,63
"615",10220,"Yes",14446,10516,3252,22,57,14130,4522,4230,530,1300,82,87,18.3,15,10650,75
"616",15192,"Yes",2974,2001,580,29,60,2666,554,4695,400,1350,84,91,15.9,21,11762,67
"618",10430,"Yes",576,558,137,11,39,662,131,3620,400,1500,85,98,16.5,18,8767,45
"619",11800,"Yes",2096,1626,694,35,67,2551,407,4340,700,960,60,81,15.8,26,7780,77
"620",7090,"No",12445,8836,3623,54,85,24470,3286,4180,630,1530,88,97,13.4,20,14737,66
"621",5697,"No",11220,7871,3320,43,79,19553,2748,3600,525,1755,88,95,14.7,22,7881,63
"622",14220,"Yes",5081,4040,1194,11,26,3768,1415,6000,500,1440,61,76,10.7,9,10625,66
"623",4460,"No",3580,2603,1627,36,69,11028,2411,3038,687,1281,85,87,11.8,6,12833,54
"624",7560,"No",14939,11652,5705,52,88,25422,911,4574,500,1982,87,90,17.4,13,8559,81
"625",7230,"No",8384,5727,2710,22,50,13518,2916,5088,630,3228,82,84,10,6,13883,34
"626",11120,"Yes",1487,1276,388,26,51,1417,1646,4080,525,1405,55,56,11.1,23,6735,69
"628",13540,"Yes",1597,969,226,16,38,1431,1522,5050,630,2298,66,68,14.1,23,10139,47
"629",6540,"No",4777,3057,1823,16,33,9844,6198,3600,530,2440,84,92,11.1,24,10207,31
"630",6810,"No",1208,803,438,20,48,1906,344,3970,450,1647,67,75,15.9,26,5712,59
"631",6600,"No",441,369,172,17,45,633,317,3680,600,400,46,46,15.1,4,5935,64
"632",6600,"No",461,381,235,10,40,974,503,3630,400,1675,67,67,15.2,11,6408,35
"634",8723,"No",14292,10315,3409,22,53,19340,3991,5146,550,1550,89,92,18.1,12,9021,63
"635",8566,"No",14438,12414,3816,12,39,16282,1940,3897,500,1400,88,92,16.7,15,10276,68
"636",6919,"No",3347,2597,1006,10,37,4664,1630,4500,500,1250,74,90,15,20,7462,56
"637",16500,"Yes",7122,5386,1643,42,69,7760,876,6526,630,1985,82,94,5.9,17,17500,59
"640",9843,"No",1458,874,588,56,86,1846,154,3180,600,1500,74,78,14.6,16,6716,51
"641",8949,"No",11054,6397,3524,26,55,16502,21836,3744,714,2910,88,90,12.2,37,16122,45
"643",9057,"No",6574,4637,2940,32,62,14782,1583,3485,600,1983,87,87,12.7,15,10145,58
"644",9057,"No",1877,1826,823,49,77,3926,561,3600,700,1435,88,88,14.4,23,9699,49
"645",7246,"No",1618,1141,479,18,54,4793,4552,3964,500,4288,71,73,13.4,15,6433,48
"646",6150,"Yes",452,331,269,17,54,1417,301,3680,550,1200,59,63,16.6,4,5412,52
"647",4440,"No",1351,892,570,18,78,2385,331,3030,300,600,72,72,18.9,8,5883,51
"648",5595,"No",6277,6003,3526,33,63,16454,3171,3145,500,2070,86,92,15.1,48,6813,53
"649",11450,"Yes",1209,750,265,19,54,820,159,5045,900,2500,72,75,11.4,13,9718,64
"650",11180,"No",9750,7640,2529,24,62,10358,1338,3862,650,2450,89,87,17.5,16,7855,75
"651",5972,"No",1757,979,394,32,74,2033,1078,3420,600,750,77,83,13,11,7011,37
"652",8400,"No",14596,5985,3331,75,92,14609,1100,4200,550,1200,88,93,8.9,23,15893,83
"653",7248,"No",5803,4441,1730,19,62,10099,3255,3109,600,1900,79,91,16.8,7,6227,62
"654",8677,"No",5191,4134,1500,15,44,7532,1847,3505,600,1300,75,94,15.5,17,7392,53
"655",7558,"No",6071,3856,1449,15,67,6635,1145,3680,500,1500,82,85,19.1,15,6005,55
"657",6634,"No",1800,1253,560,44,85,3876,3588,4360,600,2604,82,85,17.8,14,6104,47
"658",4104,"No",4418,2737,2049,23,51,14047,5134,3579,450,1700,86,94,22.6,6,5657,35
"659",7731,"No",5530,4007,1697,12,37,8463,1498,4128,540,2286,75,75,21.5,8,6309,40
"660",6197,"No",4144,3379,1853,18,52,10135,1448,2930,595,2380,78,82,16.3,26,6333,77
"661",16850,"Yes",7700,3700,1906,79,96,7671,30,4400,600,1350,96,92,13.1,46,13936,97
"662",5173,"No",4743,3970,2233,32,63,13436,2582,3526,765,3176,86,90,11.5,11,10244,44
"663",10602,"No",8631,6732,2546,25,61,11669,1605,3660,570,1530,79,87,19.7,13,8020,54
"664",17020,"Yes",12394,5232,2464,85,100,9205,531,7270,500,1544,95,96,6.3,38,25765,93
"665",10786,"No",8586,6383,2503,25,59,13138,4289,4560,400,900,93,93,7.8,10,13789,66
"666",12040,"Yes",1758,1485,419,27,58,2041,174,4100,600,1100,92,96,13.2,17,9060,72
"667",16230,"Yes",4044,2826,688,51,83,2738,138,4500,630,1800,79,86,15,17,11217,63
"668",10330,"No",9643,7751,1968,12,40,8894,2456,5558,500,1250,84,89,16.6,7,9158,63
"669",14500,"Yes",5892,2718,756,46,72,2854,594,3285,700,1125,75,89,11.7,32,11984,100
"670",17840,"Yes",8766,5498,1243,56,75,5071,438,6582,500,882,93,99,5.9,23,26037,80
"671",13600,"Yes",3934,2735,886,40,70,3698,217,5940,630,1820,93,96,15.6,13,10813,66
"672",13226,"Yes",2306,1721,538,23,48,4309,549,6452,750,2450,86,86,13.6,8,10074,62
"673",3687,"No",285,280,208,21,43,1140,473,1920,600,1800,67,77,23.6,3,3864,43
"674",11584,"Yes",4471,2942,910,29,60,3674,493,5986,650,800,83,83,14.1,41,9131,92
"675",5800,"No",848,560,377,14,24,1855,1412,3066,500,1500,62,62,14.8,3,5035,48
"676",8074,"No",7693,5815,2328,30,66,12594,3661,3522,495,2941,84,88,16.9,18,8246,63
"677",6760,"No",7589,4676,1876,29,63,14770,10962,3776,500,2180,84,89,17,7,11020,47
"678",17230,"Yes",12229,8498,2477,45,71,13259,1429,6482,600,2210,90,94,11.4,10,17007,68
"679",7100,"No",1401,1239,605,10,34,3716,675,4380,540,2948,63,88,19.4,0,5389,36
"680",4973,"No",2379,2133,1292,8,25,4283,2973,3192,500,1425,56,65,22,21,4078,38
"681",4652,"No",2850,2044,1046,20,50,9260,1387,2470,500,500,78,99,18.7,23,5917,45
"682",11712,"Yes",2057,1807,828,26,53,4106,982,4037,500,800,80,80,13.8,13,8546,89
"683",8550,"Yes",374,280,185,45,77,995,408,4050,500,1344,75,75,12.6,17,7237,62
"684",5764,"No",7473,5372,3013,27,53,15749,3237,3262,750,3300,86,92,16.5,22,8612,53
"685",4422,"No",3281,2559,1448,19,43,10975,8431,2780,500,2850,73,73,21,4,4696,29
"687",4104,"No",4217,3100,1686,17,46,9375,5457,5376,452,1200,94,100,25.3,3,4329,50
"688",12520,"Yes",974,704,290,5,22,1145,39,3860,1300,700,16,59,7.5,9,11641,57
"689",16320,"Yes",2459,1997,582,36,66,2664,299,5326,646,1171,87,94,11.2,14,13706,65
"690",15350,"Yes",1445,966,326,46,83,1129,24,4080,450,810,89,93,10.3,52,18784,82
"691",11750,"Yes",1712,1557,696,41,68,2936,433,4160,1200,2350,94,96,11.5,10,11743,47
"692",6857,"No",5095,4491,2400,27,53,13894,8374,3975,858,3093,89,93,12.8,9,9275,37
"693",15516,"No",7663,6008,1735,18,51,7353,1674,4928,500,990,87,90,9.9,10,12646,79
"694",12212,"No",15849,5384,2678,74,95,11278,114,3792,500,1000,90,92,9.5,22,13597,95
"696",6172,"No",1558,1254,472,20,57,3754,2477,3994,541,1387,83,87,23.4,12,8488,53
"698",7032,"No",910,910,342,14,53,1434,417,2780,550,1960,75,81,15.2,15,6490,36
"700",6900,"No",2409,1939,759,17,50,3819,1347,2800,475,1200,81,89,22.2,1,5968,46
"701",9096,"No",14901,10932,4631,36,80,23945,2200,4290,535,1545,93,96,11.5,20,11006,72
"702",8786,"No",5244,3782,1930,12,37,11561,7443,2964,570,1980,79,87,15.9,8,8094,38
"704",8840,"Yes",663,452,192,10,35,1481,1160,3060,500,1000,69,75,17.4,19,3733,78
"705",14900,"Yes",1399,1026,308,44,77,1131,17,5160,500,800,82,85,11.6,40,12082,79
"706",9600,"Yes",325,260,86,21,47,699,717,4202,450,750,39,69,10.5,15,7164,68
"707",4286,"No",368,344,212,5,27,863,189,2570,600,2000,39,41,14.9,25,4958,40
"708",11800,"Yes",2075,1727,520,49,81,2501,198,3260,500,800,87,89,14.2,23,9681,95
"709",17865,"Yes",7791,4690,1499,71,92,5500,90,6525,630,952,93,98,5.8,26,23850,83
"710",18920,"Yes",3550,1877,653,53,87,2164,77,5950,600,800,90,98,9.7,39,17089,90
"712",10217,"No",4963,3497,1567,18,45,10262,5065,4182,500,3630,81,87,8.7,11,11183,45
"713",5587,"No",2996,2440,704,2,30,3006,338,4845,500,600,61,63,16,11,5733,31
"714",10260,"No",15712,11719,4277,29,53,18511,604,3176,740,2200,85,89,13.8,20,8944,73
"715",7384,"Yes",1847,1610,453,19,59,1298,67,3494,500,1763,51,67,13.7,8,6757,30
"717",9140,"Yes",647,518,271,17,43,1014,387,3365,500,2245,51,65,10.7,31,8050,73
"718",4450,"Yes",1465,1006,188,10,30,703,20,2522,500,1200,43,43,22.9,3,5861,58
"719",12925,"Yes",800,623,256,41,76,801,5,4195,500,635,78,85,9.9,55,14904,72
"720",13500,"Yes",1416,1015,417,10,44,1324,117,5800,585,1700,67,78,13.2,23,9006,75
"721",13850,"Yes",5661,2392,903,75,88,3499,172,4360,500,1250,95,97,4.3,37,41766,89
"722",8670,"Yes",1092,890,477,27,92,847,497,4180,500,1450,42,58,11.3,33,5738,68
"723",10000,"Yes",440,311,112,25,49,466,7,3052,400,1100,65,75,11.4,20,9430,63
"725",16260,"Yes",1305,1100,334,42,64,1098,151,4005,300,500,91,91,12.1,40,10162,86
"726",13750,"Yes",3315,1096,425,68,93,1584,3,4619,680,1115,81,96,9.6,45,15736,90
"727",15276,"Yes",1209,942,214,31,60,822,46,5318,500,300,79,86,11.2,37,10830,65
"728",8200,"No",6540,5839,2440,31,70,14445,1344,4210,800,2719,84,87,16.9,30,10912,56
"729",18350,"Yes",7654,5259,1254,62,93,4879,1274,5775,768,1512,91,98,3.9,31,45702,90
"730",2700,"No",1373,1373,724,6,21,2754,474,2660,540,1660,60,68,20.3,29,4550,52
"731",8840,"Yes",1190,978,324,12,30,1280,61,3620,500,1200,57,58,16.2,26,6563,63
"732",5590,"Yes",280,143,79,5,27,327,110,2900,650,1952,53,63,15.1,4,4839,90
"733",9160,"Yes",665,462,226,17,44,1739,1550,4340,500,500,68,68,20.6,14,6951,48
"734",18345,"Yes",2895,1249,579,80,96,2195,156,5995,500,700,94,98,10.6,51,21409,91
"735",14900,"Yes",318,240,130,40,85,416,19,5550,600,500,93,98,8.3,42,13935,69
"736",9850,"Yes",1480,1257,452,6,25,2961,572,6050,850,920,10,68,15.4,8,17858,64
"737",9890,"Yes",980,807,350,10,25,872,448,4674,500,1350,52,57,14.4,15,6243,84
"738",19130,"Yes",4772,1973,712,60,86,2714,27,5600,1400,1400,90,94,12.1,39,16262,92
"739",7844,"No",6502,3539,1372,11,51,7484,1904,4108,400,2000,76,79,15.3,16,6773,52
"740",4470,"No",1164,1062,478,12,25,2138,227,2890,600,1210,33,33,16.3,10,4249,60
"741",14200,"Yes",1566,1400,483,28,55,1509,170,3775,450,1100,58,81,16.4,42,8080,67
"742",6390,"No",3224,2519,1057,11,31,5000,706,2380,110,1622,67,78,14.6,9,6554,55
"743",14510,"Yes",1205,984,278,31,50,1071,98,5340,500,1400,84,91,12.5,39,10026,60
"744",6940,"No",9167,7191,2738,24,53,15739,4278,4100,500,1700,80,84,24.7,11,5983,55
"746",5918,"No",2702,1623,604,7,24,2315,146,3755,500,2050,76,79,19.4,4,4599,52
"747",8124,"No",5548,3563,1549,30,71,8909,506,4144,639,2385,83,89,22.7,10,7203,61
"748",5542,"No",3100,2150,825,3,20,3234,941,3788,500,1300,75,79,15.7,20,4222,65
"749",10720,"Yes",662,553,184,20,43,665,37,4050,600,1650,66,70,12.5,20,7925,62
"750",12065,"Yes",996,866,377,29,58,1411,72,3615,430,685,62,78,12.5,41,8596,80
"751",8820,"Yes",917,720,213,21,60,979,743,4050,600,2025,68,83,10.5,34,7170,50
"752",14320,"No",950,713,351,42,72,1276,9,5304,490,1410,77,77,14.9,17,8837,87
"753",11480,"Yes",1432,920,548,56,84,2200,56,4200,530,1400,81,83,12.7,40,11916,85
"754",18460,"Yes",1738,1373,417,21,55,1335,30,5970,700,850,92,96,13.2,41,22704,71
"755",10500,"Yes",903,755,213,15,49,971,305,4545,600,600,66,71,14.1,27,7494,72
"756",16670,"Yes",1861,998,359,45,77,1220,46,4900,750,800,80,83,10.5,51,13198,72
"758",12660,"Yes",1121,926,372,43,70,1270,160,4500,678,2424,80,80,16.9,20,8328,80
"760",11150,"Yes",1631,1431,434,15,36,1803,603,5130,550,1260,78,92,13.3,24,8543,67
"761",14800,"Yes",1658,1327,395,49,80,1595,159,4620,400,790,91,94,13.3,37,10779,68
"763",10535,"Yes",469,435,227,17,39,851,120,4365,550,3700,39,66,12.9,16,7438,52
"764",19629,"Yes",4186,1245,526,81,96,1988,29,5790,500,1200,94,99,9,64,22014,99
"765",11428,"Yes",167,130,46,16,50,199,676,5084,450,475,67,76,8.3,43,10291,67
"766",7820,"Yes",1239,1017,383,10,34,1207,157,3400,550,1550,69,81,13.9,8,7264,91
"769",9100,"Yes",152,128,75,17,41,282,22,3700,500,1400,48,48,8.5,26,8960,50
"770",15948,"Yes",1979,1739,575,42,68,1980,144,4404,400,800,82,95,12.8,29,10414,78
"772",15884,"Yes",2768,2314,682,49,86,2802,86,5370,530,730,92,94,15.2,34,10774,82
"773",6797,"No",2197,1515,543,4,26,3089,2029,3900,500,1200,60,60,21,14,4469,40
"774",11520,"Yes",1959,1805,695,24,47,2849,1107,4960,600,1250,73,75,13.3,31,9189,83
"775",6900,"Yes",2097,1915,695,34,61,2793,166,4200,617,781,67,75,14.4,20,8323,49
"776",19840,"Yes",10705,2453,1317,95,99,5217,83,6510,630,2115,96,96,5.8,49,40386,99
"777",4990,"Yes",2989,1855,691,28,63,2988,1726,3560,500,1250,75,75,18.1,28,4509,99
